STRUCTURE,STRUCTURE_ID,STRUCTURE_NAME,freq,Time frequency,currency,Currency,geo,Geopolitical entity (reporting),TIME_PERIOD,Time,OBS_VALUE,Observation value,OBS_FLAG,Observation status (Flag) V2 structure,CONF_STATUS,Confidentiality status (flag)
dataflow,ESTAT:EARN_MW_CUR(1.0),Monthly minimum wages - bi-annual data,S,"Half-yearly, semesterly",EUR,Euro,AL,Albania,1999-S2,,45,,,,,
dataflow,ESTAT:EARN_MW_CUR(1.0),Monthly minimum wages - bi-annual data,S,"Half-yearly, semesterly",EUR,Euro,AL,Albania,2000-S1,,47,,,,,
dataflow,ESTAT:EARN_MW_CUR(1.0),Monthly minimum wages - bi-annual data,S,"Half-yearly, semesterly",EUR,Euro,AL,Albania,2000-S2,,52,,,,,
dataflow,ESTAT:EARN_MW_CUR(1.0),Monthly minimum wages - bi-annual data,S,"Half-yearly, semesterly",EUR,Euro,AL,Albania,2001-S1,,53,,,,,
dataflow,ESTAT:EARN_MW_CUR(1.0),Monthly minimum wages - bi-annual data,S,"Half-yearly, semesterly",EUR,Euro,AL,Albania,2001-S2,,60,,,,,
dataflow,ESTAT:EARN_MW_CUR(1.0),Monthly minimum wages - bi-annual data,S,"Half-yearly, semesterly",EUR,Euro,AL,Albania,2002-S1,,63,,,,,
dataflow,ESTAT:EARN_MW_CUR(1.0),Monthly minimum wages - bi-annual data,S,"Half-yearly, semesterly",EUR,Euro,AL,Albania,2002-S2,,68,,,,,
dataflow,ESTAT:EARN_MW_CUR(1.0),Monthly minimum wages - bi-annual data,S,"Half-yearly, semesterly",EUR,Euro,AL,Albania,2003-S1,,67,,,,,
dataflow,ESTAT:EARN_MW_CUR(1.0),Monthly minimum wages - bi-annual data,S,"Half-yearly, semesterly",EUR,Euro,AL,Albania,2003-S2,,74,,,,,
dataflow,ESTAT:EARN_MW_CUR(1.0),Monthly minimum wages - bi-annual data,S,"Half-yearly, semesterly",EUR,Euro,AL,Albania,2004-S1,,75,,,,,
dataflow,ESTAT:EARN_MW_CUR(1.0),Monthly minimum wages - bi-annual data,S,"Half-yearly, semesterly",EUR,Euro,AL,Albania,2004-S2,,88,,,,,
dataflow,ESTAT:EARN_MW_CUR(1.0),Monthly minimum wages - bi-annual data,S,"Half-yearly, semesterly",EUR,Euro,AL,Albania,2005-S1,,85,,,,,
dataflow,ESTAT:EARN_MW_CUR(1.0),Monthly minimum wages - bi-annual data,S,"Half-yearly, semesterly",EUR,Euro,AL,Albania,2005-S2,,95,,,,,
dataflow,ESTAT:EARN_MW_CUR(1.0),Monthly minimum wages - bi-annual data,S,"Half-yearly, semesterly",EUR,Euro,AL,Albania,2006-S1,,96,,,,,
dataflow,ESTAT:EARN_MW_CUR(1.0),Monthly minimum wages - bi-annual data,S,"Half-yearly, semesterly",EUR,Euro,AL,Albania,2006-S2,,114,,,,,
dataflow,ESTAT:EARN_MW_CUR(1.0),Monthly minimum wages - bi-annual data,S,"Half-yearly, semesterly",EUR,Euro,AL,Albania,2007-S1,,113,,,,,
dataflow,ESTAT:EARN_MW_CUR(1.0),Monthly minimum wages - bi-annual data,S,"Half-yearly, semesterly",EUR,Euro,AL,Albania,2007-S2,,115,,,,,
dataflow,ESTAT:EARN_MW_CUR(1.0),Monthly minimum wages - bi-annual data,S,"Half-yearly, semesterly",EUR,Euro,AL,Albania,2008-S1,,131,,,,,
dataflow,ESTAT:EARN_MW_CUR(1.0),Monthly minimum wages - bi-annual data,S,"Half-yearly, semesterly",EUR,Euro,AL,Albania,2008-S2,,139,,,,,
dataflow,ESTAT:EARN_MW_CUR(1.0),Monthly minimum wages - bi-annual data,S,"Half-yearly, semesterly",EUR,Euro,AL,Albania,2009-S1,,137,,,,,
dataflow,ESTAT:EARN_MW_CUR(1.0),Monthly minimum wages - bi-annual data,S,"Half-yearly, semesterly",EUR,Euro,AL,Albania,2009-S2,,138,,,,,
dataflow,ESTAT:EARN_MW_CUR(1.0),Monthly minimum wages - bi-annual data,S,"Half-yearly, semesterly",EUR,Euro,AL,Albania,2010-S1,,130,,,,,
dataflow,ESTAT:EARN_MW_CUR(1.0),Monthly minimum wages - bi-annual data,S,"Half-yearly, semesterly",EUR,Euro,AL,Albania,2010-S2,,139,,,,,
dataflow,ESTAT:EARN_MW_CUR(1.0),Monthly minimum wages - bi-annual data,S,"Half-yearly, semesterly",EUR,Euro,AL,Albania,2011-S1,,137,,,,,
dataflow,ESTAT:EARN_MW_CUR(1.0),Monthly minimum wages - bi-annual data,S,"Half-yearly, semesterly",EUR,Euro,AL,Albania,2011-S2,,141,,,,,
dataflow,ESTAT:EARN_MW_CUR(1.0),Monthly minimum wages - bi-annual data,S,"Half-yearly, semesterly",EUR,Euro,AL,Albania,2012-S1,,144,,,,,
dataflow,ESTAT:EARN_MW_CUR(1.0),Monthly minimum wages - bi-annual data,S,"Half-yearly, semesterly",EUR,Euro,AL,Albania,2012-S2,,152,,,,,
dataflow,ESTAT:EARN_MW_CUR(1.0),Monthly minimum wages - bi-annual data,S,"Half-yearly, semesterly",EUR,Euro,AL,Albania,2013-S1,,150,,,,,
dataflow,ESTAT:EARN_MW_CUR(1.0),Monthly minimum wages - bi-annual data,S,"Half-yearly, semesterly",EUR,Euro,AL,Albania,2013-S2,,156,,,,,
dataflow,ESTAT:EARN_MW_CUR(1.0),Monthly minimum wages - bi-annual data,S,"Half-yearly, semesterly",EUR,Euro,AL,Albania,2014-S1,,157,,,,,
dataflow,ESTAT:EARN_MW_CUR(1.0),Monthly minimum wages - bi-annual data,S,"Half-yearly, semesterly",EUR,Euro,AL,Albania,2014-S2,,157,,,,,
dataflow,ESTAT:EARN_MW_CUR(1.0),Monthly minimum wages - bi-annual data,S,"Half-yearly, semesterly",EUR,Euro,AL,Albania,2015-S1,,157,,,,,
dataflow,ESTAT:EARN_MW_CUR(1.0),Monthly minimum wages - bi-annual data,S,"Half-yearly, semesterly",EUR,Euro,AL,Albania,2015-S2,,157,,,,,
dataflow,ESTAT:EARN_MW_CUR(1.0),Monthly minimum wages - bi-annual data,S,"Half-yearly, semesterly",EUR,Euro,AL,Albania,2016-S1,,160,,,,,
dataflow,ESTAT:EARN_MW_CUR(1.0),Monthly minimum wages - bi-annual data,S,"Half-yearly, semesterly",EUR,Euro,AL,Albania,2016-S2,,160,,,,,
dataflow,ESTAT:EARN_MW_CUR(1.0),Monthly minimum wages - bi-annual data,S,"Half-yearly, semesterly",EUR,Euro,AL,Albania,2017-S1,,163,,,,,
dataflow,ESTAT:EARN_MW_CUR(1.0),Monthly minimum wages - bi-annual data,S,"Half-yearly, semesterly",EUR,Euro,AL,Albania,2017-S2,,181,,,,,
dataflow,ESTAT:EARN_MW_CUR(1.0),Monthly minimum wages - bi-annual data,S,"Half-yearly, semesterly",EUR,Euro,AL,Albania,2018-S1,,181,,,,,
dataflow,ESTAT:EARN_MW_CUR(1.0),Monthly minimum wages - bi-annual data,S,"Half-yearly, semesterly",EUR,Euro,AL,Albania,2018-S2,,191,,,,,
dataflow,ESTAT:EARN_MW_CUR(1.0),Monthly minimum wages - bi-annual data,S,"Half-yearly, semesterly",EUR,Euro,AL,Albania,2019-S1,,211,,,,,
dataflow,ESTAT:EARN_MW_CUR(1.0),Monthly minimum wages - bi-annual data,S,"Half-yearly, semesterly",EUR,Euro,AL,Albania,2019-S2,,212,,,,,
dataflow,ESTAT:EARN_MW_CUR(1.0),Monthly minimum wages - bi-annual data,S,"Half-yearly, semesterly",EUR,Euro,AL,Albania,2020-S1,,213,,,,,
dataflow,ESTAT:EARN_MW_CUR(1.0),Monthly minimum wages - bi-annual data,S,"Half-yearly, semesterly",EUR,Euro,AL,Albania,2020-S2,,209,,,,,
dataflow,ESTAT:EARN_MW_CUR(1.0),Monthly minimum wages - bi-annual data,S,"Half-yearly, semesterly",EUR,Euro,AL,Albania,2021-S1,,243,,,,,
dataflow,ESTAT:EARN_MW_CUR(1.0),Monthly minimum wages - bi-annual data,S,"Half-yearly, semesterly",EUR,Euro,AL,Albania,2021-S2,,245,,,,,
dataflow,ESTAT:EARN_MW_CUR(1.0),Monthly minimum wages - bi-annual data,S,"Half-yearly, semesterly",EUR,Euro,AL,Albania,2022-S1,,248,,,,,
dataflow,ESTAT:EARN_MW_CUR(1.0),Monthly minimum wages - bi-annual data,S,"Half-yearly, semesterly",EUR,Euro,AL,Albania,2022-S2,,269,,,,,
dataflow,ESTAT:EARN_MW_CUR(1.0),Monthly minimum wages - bi-annual data,S,"Half-yearly, semesterly",EUR,Euro,AL,Albania,2023-S1,,298,,,,,
dataflow,ESTAT:EARN_MW_CUR(1.0),Monthly minimum wages - bi-annual data,S,"Half-yearly, semesterly",EUR,Euro,AL,Albania,2023-S2,,376,,,,,
dataflow,ESTAT:EARN_MW_CUR(1.0),Monthly minimum wages - bi-annual data,S,"Half-yearly, semesterly",EUR,Euro,AL,Albania,2024-S1,,385,,,,,
dataflow,ESTAT:EARN_MW_CUR(1.0),Monthly minimum wages - bi-annual data,S,"Half-yearly, semesterly",EUR,Euro,AL,Albania,2024-S2,,399,,,,,
dataflow,ESTAT:EARN_MW_CUR(1.0),Monthly minimum wages - bi-annual data,S,"Half-yearly, semesterly",EUR,Euro,AL,Albania,2025-S1,,408,,,,,
dataflow,ESTAT:EARN_MW_CUR(1.0),Monthly minimum wages - bi-annual data,S,"Half-yearly, semesterly",EUR,Euro,AL,Albania,2025-S2,,408,,,,,
dataflow,ESTAT:EARN_MW_CUR(1.0),Monthly minimum wages - bi-annual data,S,"Half-yearly, semesterly",EUR,Euro,BE,Belgium,1999-S1,,1074,,,,,
dataflow,ESTAT:EARN_MW_CUR(1.0),Monthly minimum wages - bi-annual data,S,"Half-yearly, semesterly",EUR,Euro,BE,Belgium,1999-S2,,1096,,,,,
dataflow,ESTAT:EARN_MW_CUR(1.0),Monthly minimum wages - bi-annual data,S,"Half-yearly, semesterly",EUR,Euro,BE,Belgium,2000-S1,,1096,,,,,
dataflow,ESTAT:EARN_MW_CUR(1.0),Monthly minimum wages - bi-annual data,S,"Half-yearly, semesterly",EUR,Euro,BE,Belgium,2000-S2,,1096,,,,,
dataflow,ESTAT:EARN_MW_CUR(1.0),Monthly minimum wages - bi-annual data,S,"Half-yearly, semesterly",EUR,Euro,BE,Belgium,2001-S1,,1118,,,,,
dataflow,ESTAT:EARN_MW_CUR(1.0),Monthly minimum wages - bi-annual data,S,"Half-yearly, semesterly",EUR,Euro,BE,Belgium,2001-S2,,1140,,,,,
dataflow,ESTAT:EARN_MW_CUR(1.0),Monthly minimum wages - bi-annual data,S,"Half-yearly, semesterly",EUR,Euro,BE,Belgium,2002-S1,,1140,,,,,
dataflow,ESTAT:EARN_MW_CUR(1.0),Monthly minimum wages - bi-annual data,S,"Half-yearly, semesterly",EUR,Euro,BE,Belgium,2002-S2,,1163,,,,,
dataflow,ESTAT:EARN_MW_CUR(1.0),Monthly minimum wages - bi-annual data,S,"Half-yearly, semesterly",EUR,Euro,BE,Belgium,2003-S1,,1163,,,,,
dataflow,ESTAT:EARN_MW_CUR(1.0),Monthly minimum wages - bi-annual data,S,"Half-yearly, semesterly",EUR,Euro,BE,Belgium,2003-S2,,1186,,,,,
dataflow,ESTAT:EARN_MW_CUR(1.0),Monthly minimum wages - bi-annual data,S,"Half-yearly, semesterly",EUR,Euro,BE,Belgium,2004-S1,,1186,,,,,
dataflow,ESTAT:EARN_MW_CUR(1.0),Monthly minimum wages - bi-annual data,S,"Half-yearly, semesterly",EUR,Euro,BE,Belgium,2004-S2,,1186,,,,,
dataflow,ESTAT:EARN_MW_CUR(1.0),Monthly minimum wages - bi-annual data,S,"Half-yearly, semesterly",EUR,Euro,BE,Belgium,2005-S1,,1210,,,,,
dataflow,ESTAT:EARN_MW_CUR(1.0),Monthly minimum wages - bi-annual data,S,"Half-yearly, semesterly",EUR,Euro,BE,Belgium,2005-S2,,1210,,,,,
dataflow,ESTAT:EARN_MW_CUR(1.0),Monthly minimum wages - bi-annual data,S,"Half-yearly, semesterly",EUR,Euro,BE,Belgium,2006-S1,,1234,,,,,
dataflow,ESTAT:EARN_MW_CUR(1.0),Monthly minimum wages - bi-annual data,S,"Half-yearly, semesterly",EUR,Euro,BE,Belgium,2006-S2,,1234,,,,,
dataflow,ESTAT:EARN_MW_CUR(1.0),Monthly minimum wages - bi-annual data,S,"Half-yearly, semesterly",EUR,Euro,BE,Belgium,2007-S1,,1259,,,,,
dataflow,ESTAT:EARN_MW_CUR(1.0),Monthly minimum wages - bi-annual data,S,"Half-yearly, semesterly",EUR,Euro,BE,Belgium,2007-S2,,1283,,,,,
dataflow,ESTAT:EARN_MW_CUR(1.0),Monthly minimum wages - bi-annual data,S,"Half-yearly, semesterly",EUR,Euro,BE,Belgium,2008-S1,,1310,,,,,
dataflow,ESTAT:EARN_MW_CUR(1.0),Monthly minimum wages - bi-annual data,S,"Half-yearly, semesterly",EUR,Euro,BE,Belgium,2008-S2,,1336,,,,,
dataflow,ESTAT:EARN_MW_CUR(1.0),Monthly minimum wages - bi-annual data,S,"Half-yearly, semesterly",EUR,Euro,BE,Belgium,2009-S1,,1388,,,,,
dataflow,ESTAT:EARN_MW_CUR(1.0),Monthly minimum wages - bi-annual data,S,"Half-yearly, semesterly",EUR,Euro,BE,Belgium,2009-S2,,1388,,,,,
dataflow,ESTAT:EARN_MW_CUR(1.0),Monthly minimum wages - bi-annual data,S,"Half-yearly, semesterly",EUR,Euro,BE,Belgium,2010-S1,,1388,,,,,
dataflow,ESTAT:EARN_MW_CUR(1.0),Monthly minimum wages - bi-annual data,S,"Half-yearly, semesterly",EUR,Euro,BE,Belgium,2010-S2,,1388,,,,,
dataflow,ESTAT:EARN_MW_CUR(1.0),Monthly minimum wages - bi-annual data,S,"Half-yearly, semesterly",EUR,Euro,BE,Belgium,2011-S1,,1415,,,,,
dataflow,ESTAT:EARN_MW_CUR(1.0),Monthly minimum wages - bi-annual data,S,"Half-yearly, semesterly",EUR,Euro,BE,Belgium,2011-S2,,1444,,,,,
dataflow,ESTAT:EARN_MW_CUR(1.0),Monthly minimum wages - bi-annual data,S,"Half-yearly, semesterly",EUR,Euro,BE,Belgium,2012-S1,,1444,,,,,
dataflow,ESTAT:EARN_MW_CUR(1.0),Monthly minimum wages - bi-annual data,S,"Half-yearly, semesterly",EUR,Euro,BE,Belgium,2012-S2,,1472,,,,,
dataflow,ESTAT:EARN_MW_CUR(1.0),Monthly minimum wages - bi-annual data,S,"Half-yearly, semesterly",EUR,Euro,BE,Belgium,2013-S1,,1502,,,,,
dataflow,ESTAT:EARN_MW_CUR(1.0),Monthly minimum wages - bi-annual data,S,"Half-yearly, semesterly",EUR,Euro,BE,Belgium,2013-S2,,1502,,,,,
dataflow,ESTAT:EARN_MW_CUR(1.0),Monthly minimum wages - bi-annual data,S,"Half-yearly, semesterly",EUR,Euro,BE,Belgium,2014-S1,,1502,,,,,
dataflow,ESTAT:EARN_MW_CUR(1.0),Monthly minimum wages - bi-annual data,S,"Half-yearly, semesterly",EUR,Euro,BE,Belgium,2014-S2,,1502,,,,,
dataflow,ESTAT:EARN_MW_CUR(1.0),Monthly minimum wages - bi-annual data,S,"Half-yearly, semesterly",EUR,Euro,BE,Belgium,2015-S1,,1502,,,,,
dataflow,ESTAT:EARN_MW_CUR(1.0),Monthly minimum wages - bi-annual data,S,"Half-yearly, semesterly",EUR,Euro,BE,Belgium,2015-S2,,1502,,,,,
dataflow,ESTAT:EARN_MW_CUR(1.0),Monthly minimum wages - bi-annual data,S,"Half-yearly, semesterly",EUR,Euro,BE,Belgium,2016-S1,,1502,,,,,
dataflow,ESTAT:EARN_MW_CUR(1.0),Monthly minimum wages - bi-annual data,S,"Half-yearly, semesterly",EUR,Euro,BE,Belgium,2016-S2,,1532,,,,,
dataflow,ESTAT:EARN_MW_CUR(1.0),Monthly minimum wages - bi-annual data,S,"Half-yearly, semesterly",EUR,Euro,BE,Belgium,2017-S1,,1532,,,,,
dataflow,ESTAT:EARN_MW_CUR(1.0),Monthly minimum wages - bi-annual data,S,"Half-yearly, semesterly",EUR,Euro,BE,Belgium,2017-S2,,1563,,,,,
dataflow,ESTAT:EARN_MW_CUR(1.0),Monthly minimum wages - bi-annual data,S,"Half-yearly, semesterly",EUR,Euro,BE,Belgium,2018-S1,,1563,,,,,
dataflow,ESTAT:EARN_MW_CUR(1.0),Monthly minimum wages - bi-annual data,S,"Half-yearly, semesterly",EUR,Euro,BE,Belgium,2018-S2,,1563,,,,,
dataflow,ESTAT:EARN_MW_CUR(1.0),Monthly minimum wages - bi-annual data,S,"Half-yearly, semesterly",EUR,Euro,BE,Belgium,2019-S1,,1594,,,,,
dataflow,ESTAT:EARN_MW_CUR(1.0),Monthly minimum wages - bi-annual data,S,"Half-yearly, semesterly",EUR,Euro,BE,Belgium,2019-S2,,1594,,,,,
dataflow,ESTAT:EARN_MW_CUR(1.0),Monthly minimum wages - bi-annual data,S,"Half-yearly, semesterly",EUR,Euro,BE,Belgium,2020-S1,,1594,,,,,
dataflow,ESTAT:EARN_MW_CUR(1.0),Monthly minimum wages - bi-annual data,S,"Half-yearly, semesterly",EUR,Euro,BE,Belgium,2020-S2,,1626,,,,,
dataflow,ESTAT:EARN_MW_CUR(1.0),Monthly minimum wages - bi-annual data,S,"Half-yearly, semesterly",EUR,Euro,BE,Belgium,2021-S1,,1626,,,,,
dataflow,ESTAT:EARN_MW_CUR(1.0),Monthly minimum wages - bi-annual data,S,"Half-yearly, semesterly",EUR,Euro,BE,Belgium,2021-S2,,1626,,,,,
dataflow,ESTAT:EARN_MW_CUR(1.0),Monthly minimum wages - bi-annual data,S,"Half-yearly, semesterly",EUR,Euro,BE,Belgium,2022-S1,,1658,,,,,
dataflow,ESTAT:EARN_MW_CUR(1.0),Monthly minimum wages - bi-annual data,S,"Half-yearly, semesterly",EUR,Euro,BE,Belgium,2022-S2,,1842,,,,,
dataflow,ESTAT:EARN_MW_CUR(1.0),Monthly minimum wages - bi-annual data,S,"Half-yearly, semesterly",EUR,Euro,BE,Belgium,2023-S1,,1955,,,,,
dataflow,ESTAT:EARN_MW_CUR(1.0),Monthly minimum wages - bi-annual data,S,"Half-yearly, semesterly",EUR,Euro,BE,Belgium,2023-S2,,1955,,,,,
dataflow,ESTAT:EARN_MW_CUR(1.0),Monthly minimum wages - bi-annual data,S,"Half-yearly, semesterly",EUR,Euro,BE,Belgium,2024-S1,,1994,,,,,
dataflow,ESTAT:EARN_MW_CUR(1.0),Monthly minimum wages - bi-annual data,S,"Half-yearly, semesterly",EUR,Euro,BE,Belgium,2024-S2,,2070,,,,,
dataflow,ESTAT:EARN_MW_CUR(1.0),Monthly minimum wages - bi-annual data,S,"Half-yearly, semesterly",EUR,Euro,BE,Belgium,2025-S1,,2070,,,,,
dataflow,ESTAT:EARN_MW_CUR(1.0),Monthly minimum wages - bi-annual data,S,"Half-yearly, semesterly",EUR,Euro,BE,Belgium,2025-S2,,2112,,,,,
dataflow,ESTAT:EARN_MW_CUR(1.0),Monthly minimum wages - bi-annual data,S,"Half-yearly, semesterly",EUR,Euro,BG,Bulgaria,1999-S1,,31,,,,,
dataflow,ESTAT:EARN_MW_CUR(1.0),Monthly minimum wages - bi-annual data,S,"Half-yearly, semesterly",EUR,Euro,BG,Bulgaria,1999-S2,,34,,,,,
dataflow,ESTAT:EARN_MW_CUR(1.0),Monthly minimum wages - bi-annual data,S,"Half-yearly, semesterly",EUR,Euro,BG,Bulgaria,2000-S1,,34,,,,,
dataflow,ESTAT:EARN_MW_CUR(1.0),Monthly minimum wages - bi-annual data,S,"Half-yearly, semesterly",EUR,Euro,BG,Bulgaria,2000-S2,,38,,,,,
dataflow,ESTAT:EARN_MW_CUR(1.0),Monthly minimum wages - bi-annual data,S,"Half-yearly, semesterly",EUR,Euro,BG,Bulgaria,2001-S1,,40,,,,,
dataflow,ESTAT:EARN_MW_CUR(1.0),Monthly minimum wages - bi-annual data,S,"Half-yearly, semesterly",EUR,Euro,BG,Bulgaria,2001-S2,,44,,,,,
dataflow,ESTAT:EARN_MW_CUR(1.0),Monthly minimum wages - bi-annual data,S,"Half-yearly, semesterly",EUR,Euro,BG,Bulgaria,2002-S1,,51,,,,,
dataflow,ESTAT:EARN_MW_CUR(1.0),Monthly minimum wages - bi-annual data,S,"Half-yearly, semesterly",EUR,Euro,BG,Bulgaria,2002-S2,,51,,,,,
dataflow,ESTAT:EARN_MW_CUR(1.0),Monthly minimum wages - bi-annual data,S,"Half-yearly, semesterly",EUR,Euro,BG,Bulgaria,2003-S1,,56,,,,,
dataflow,ESTAT:EARN_MW_CUR(1.0),Monthly minimum wages - bi-annual data,S,"Half-yearly, semesterly",EUR,Euro,BG,Bulgaria,2003-S2,,57,,,,,
dataflow,ESTAT:EARN_MW_CUR(1.0),Monthly minimum wages - bi-annual data,S,"Half-yearly, semesterly",EUR,Euro,BG,Bulgaria,2004-S1,,61,,,,,
dataflow,ESTAT:EARN_MW_CUR(1.0),Monthly minimum wages - bi-annual data,S,"Half-yearly, semesterly",EUR,Euro,BG,Bulgaria,2004-S2,,61,,,,,
dataflow,ESTAT:EARN_MW_CUR(1.0),Monthly minimum wages - bi-annual data,S,"Half-yearly, semesterly",EUR,Euro,BG,Bulgaria,2005-S1,,77,,,,,
dataflow,ESTAT:EARN_MW_CUR(1.0),Monthly minimum wages - bi-annual data,S,"Half-yearly, semesterly",EUR,Euro,BG,Bulgaria,2005-S2,,77,,,,,
dataflow,ESTAT:EARN_MW_CUR(1.0),Monthly minimum wages - bi-annual data,S,"Half-yearly, semesterly",EUR,Euro,BG,Bulgaria,2006-S1,,82,,,,,
dataflow,ESTAT:EARN_MW_CUR(1.0),Monthly minimum wages - bi-annual data,S,"Half-yearly, semesterly",EUR,Euro,BG,Bulgaria,2006-S2,,82,,,,,
dataflow,ESTAT:EARN_MW_CUR(1.0),Monthly minimum wages - bi-annual data,S,"Half-yearly, semesterly",EUR,Euro,BG,Bulgaria,2007-S1,,92,,,,,
dataflow,ESTAT:EARN_MW_CUR(1.0),Monthly minimum wages - bi-annual data,S,"Half-yearly, semesterly",EUR,Euro,BG,Bulgaria,2007-S2,,92,,,,,
dataflow,ESTAT:EARN_MW_CUR(1.0),Monthly minimum wages - bi-annual data,S,"Half-yearly, semesterly",EUR,Euro,BG,Bulgaria,2008-S1,,112,,,,,
dataflow,ESTAT:EARN_MW_CUR(1.0),Monthly minimum wages - bi-annual data,S,"Half-yearly, semesterly",EUR,Euro,BG,Bulgaria,2008-S2,,112,,,,,
dataflow,ESTAT:EARN_MW_CUR(1.0),Monthly minimum wages - bi-annual data,S,"Half-yearly, semesterly",EUR,Euro,BG,Bulgaria,2009-S1,,123,,,,,
dataflow,ESTAT:EARN_MW_CUR(1.0),Monthly minimum wages - bi-annual data,S,"Half-yearly, semesterly",EUR,Euro,BG,Bulgaria,2009-S2,,123,,,,,
dataflow,ESTAT:EARN_MW_CUR(1.0),Monthly minimum wages - bi-annual data,S,"Half-yearly, semesterly",EUR,Euro,BG,Bulgaria,2010-S1,,123,,,,,
dataflow,ESTAT:EARN_MW_CUR(1.0),Monthly minimum wages - bi-annual data,S,"Half-yearly, semesterly",EUR,Euro,BG,Bulgaria,2010-S2,,123,,,,,
dataflow,ESTAT:EARN_MW_CUR(1.0),Monthly minimum wages - bi-annual data,S,"Half-yearly, semesterly",EUR,Euro,BG,Bulgaria,2011-S1,,123,,,,,
dataflow,ESTAT:EARN_MW_CUR(1.0),Monthly minimum wages - bi-annual data,S,"Half-yearly, semesterly",EUR,Euro,BG,Bulgaria,2011-S2,,123,,,,,
dataflow,ESTAT:EARN_MW_CUR(1.0),Monthly minimum wages - bi-annual data,S,"Half-yearly, semesterly",EUR,Euro,BG,Bulgaria,2012-S1,,138,,,,,
dataflow,ESTAT:EARN_MW_CUR(1.0),Monthly minimum wages - bi-annual data,S,"Half-yearly, semesterly",EUR,Euro,BG,Bulgaria,2012-S2,,148,,,,,
dataflow,ESTAT:EARN_MW_CUR(1.0),Monthly minimum wages - bi-annual data,S,"Half-yearly, semesterly",EUR,Euro,BG,Bulgaria,2013-S1,,159,,,,,
dataflow,ESTAT:EARN_MW_CUR(1.0),Monthly minimum wages - bi-annual data,S,"Half-yearly, semesterly",EUR,Euro,BG,Bulgaria,2013-S2,,159,,,,,
dataflow,ESTAT:EARN_MW_CUR(1.0),Monthly minimum wages - bi-annual data,S,"Half-yearly, semesterly",EUR,Euro,BG,Bulgaria,2014-S1,,174,,,,,
dataflow,ESTAT:EARN_MW_CUR(1.0),Monthly minimum wages - bi-annual data,S,"Half-yearly, semesterly",EUR,Euro,BG,Bulgaria,2014-S2,,174,,,,,
dataflow,ESTAT:EARN_MW_CUR(1.0),Monthly minimum wages - bi-annual data,S,"Half-yearly, semesterly",EUR,Euro,BG,Bulgaria,2015-S1,,184,,,,,
dataflow,ESTAT:EARN_MW_CUR(1.0),Monthly minimum wages - bi-annual data,S,"Half-yearly, semesterly",EUR,Euro,BG,Bulgaria,2015-S2,,194,,,,,
dataflow,ESTAT:EARN_MW_CUR(1.0),Monthly minimum wages - bi-annual data,S,"Half-yearly, semesterly",EUR,Euro,BG,Bulgaria,2016-S1,,215,,,,,
dataflow,ESTAT:EARN_MW_CUR(1.0),Monthly minimum wages - bi-annual data,S,"Half-yearly, semesterly",EUR,Euro,BG,Bulgaria,2016-S2,,215,,,,,
dataflow,ESTAT:EARN_MW_CUR(1.0),Monthly minimum wages - bi-annual data,S,"Half-yearly, semesterly",EUR,Euro,BG,Bulgaria,2017-S1,,235,,,,,
dataflow,ESTAT:EARN_MW_CUR(1.0),Monthly minimum wages - bi-annual data,S,"Half-yearly, semesterly",EUR,Euro,BG,Bulgaria,2017-S2,,235,,,,,
dataflow,ESTAT:EARN_MW_CUR(1.0),Monthly minimum wages - bi-annual data,S,"Half-yearly, semesterly",EUR,Euro,BG,Bulgaria,2018-S1,,261,,,,,
dataflow,ESTAT:EARN_MW_CUR(1.0),Monthly minimum wages - bi-annual data,S,"Half-yearly, semesterly",EUR,Euro,BG,Bulgaria,2018-S2,,261,,,,,
dataflow,ESTAT:EARN_MW_CUR(1.0),Monthly minimum wages - bi-annual data,S,"Half-yearly, semesterly",EUR,Euro,BG,Bulgaria,2019-S1,,286,,,,,
dataflow,ESTAT:EARN_MW_CUR(1.0),Monthly minimum wages - bi-annual data,S,"Half-yearly, semesterly",EUR,Euro,BG,Bulgaria,2019-S2,,286,,,,,
dataflow,ESTAT:EARN_MW_CUR(1.0),Monthly minimum wages - bi-annual data,S,"Half-yearly, semesterly",EUR,Euro,BG,Bulgaria,2020-S1,,312,,,,,
dataflow,ESTAT:EARN_MW_CUR(1.0),Monthly minimum wages - bi-annual data,S,"Half-yearly, semesterly",EUR,Euro,BG,Bulgaria,2020-S2,,312,,,,,
dataflow,ESTAT:EARN_MW_CUR(1.0),Monthly minimum wages - bi-annual data,S,"Half-yearly, semesterly",EUR,Euro,BG,Bulgaria,2021-S1,,332,,,,,
dataflow,ESTAT:EARN_MW_CUR(1.0),Monthly minimum wages - bi-annual data,S,"Half-yearly, semesterly",EUR,Euro,BG,Bulgaria,2021-S2,,332,,,,,
dataflow,ESTAT:EARN_MW_CUR(1.0),Monthly minimum wages - bi-annual data,S,"Half-yearly, semesterly",EUR,Euro,BG,Bulgaria,2022-S1,,332,,,,,
dataflow,ESTAT:EARN_MW_CUR(1.0),Monthly minimum wages - bi-annual data,S,"Half-yearly, semesterly",EUR,Euro,BG,Bulgaria,2022-S2,,363,,,,,
dataflow,ESTAT:EARN_MW_CUR(1.0),Monthly minimum wages - bi-annual data,S,"Half-yearly, semesterly",EUR,Euro,BG,Bulgaria,2023-S1,,399,,,,,
dataflow,ESTAT:EARN_MW_CUR(1.0),Monthly minimum wages - bi-annual data,S,"Half-yearly, semesterly",EUR,Euro,BG,Bulgaria,2023-S2,,399,,,,,
dataflow,ESTAT:EARN_MW_CUR(1.0),Monthly minimum wages - bi-annual data,S,"Half-yearly, semesterly",EUR,Euro,BG,Bulgaria,2024-S1,,477,,,,,
dataflow,ESTAT:EARN_MW_CUR(1.0),Monthly minimum wages - bi-annual data,S,"Half-yearly, semesterly",EUR,Euro,BG,Bulgaria,2024-S2,,477,,,,,
dataflow,ESTAT:EARN_MW_CUR(1.0),Monthly minimum wages - bi-annual data,S,"Half-yearly, semesterly",EUR,Euro,BG,Bulgaria,2025-S1,,551,,,,,
dataflow,ESTAT:EARN_MW_CUR(1.0),Monthly minimum wages - bi-annual data,S,"Half-yearly, semesterly",EUR,Euro,BG,Bulgaria,2025-S2,,551,,,,,
dataflow,ESTAT:EARN_MW_CUR(1.0),Monthly minimum wages - bi-annual data,S,"Half-yearly, semesterly",EUR,Euro,CY,Cyprus,1999-S1,,,,m,missing value; data cannot exist,,
dataflow,ESTAT:EARN_MW_CUR(1.0),Monthly minimum wages - bi-annual data,S,"Half-yearly, semesterly",EUR,Euro,CY,Cyprus,1999-S2,,,,m,missing value; data cannot exist,,
dataflow,ESTAT:EARN_MW_CUR(1.0),Monthly minimum wages - bi-annual data,S,"Half-yearly, semesterly",EUR,Euro,CY,Cyprus,2000-S1,,,,m,missing value; data cannot exist,,
dataflow,ESTAT:EARN_MW_CUR(1.0),Monthly minimum wages - bi-annual data,S,"Half-yearly, semesterly",EUR,Euro,CY,Cyprus,2000-S2,,,,m,missing value; data cannot exist,,
dataflow,ESTAT:EARN_MW_CUR(1.0),Monthly minimum wages - bi-annual data,S,"Half-yearly, semesterly",EUR,Euro,CY,Cyprus,2001-S1,,,,m,missing value; data cannot exist,,
dataflow,ESTAT:EARN_MW_CUR(1.0),Monthly minimum wages - bi-annual data,S,"Half-yearly, semesterly",EUR,Euro,CY,Cyprus,2001-S2,,,,m,missing value; data cannot exist,,
dataflow,ESTAT:EARN_MW_CUR(1.0),Monthly minimum wages - bi-annual data,S,"Half-yearly, semesterly",EUR,Euro,CY,Cyprus,2002-S1,,,,m,missing value; data cannot exist,,
dataflow,ESTAT:EARN_MW_CUR(1.0),Monthly minimum wages - bi-annual data,S,"Half-yearly, semesterly",EUR,Euro,CY,Cyprus,2002-S2,,,,m,missing value; data cannot exist,,
dataflow,ESTAT:EARN_MW_CUR(1.0),Monthly minimum wages - bi-annual data,S,"Half-yearly, semesterly",EUR,Euro,CY,Cyprus,2003-S1,,,,m,missing value; data cannot exist,,
dataflow,ESTAT:EARN_MW_CUR(1.0),Monthly minimum wages - bi-annual data,S,"Half-yearly, semesterly",EUR,Euro,CY,Cyprus,2003-S2,,,,m,missing value; data cannot exist,,
dataflow,ESTAT:EARN_MW_CUR(1.0),Monthly minimum wages - bi-annual data,S,"Half-yearly, semesterly",EUR,Euro,CY,Cyprus,2004-S1,,,,m,missing value; data cannot exist,,
dataflow,ESTAT:EARN_MW_CUR(1.0),Monthly minimum wages - bi-annual data,S,"Half-yearly, semesterly",EUR,Euro,CY,Cyprus,2004-S2,,,,m,missing value; data cannot exist,,
dataflow,ESTAT:EARN_MW_CUR(1.0),Monthly minimum wages - bi-annual data,S,"Half-yearly, semesterly",EUR,Euro,CY,Cyprus,2005-S1,,,,m,missing value; data cannot exist,,
dataflow,ESTAT:EARN_MW_CUR(1.0),Monthly minimum wages - bi-annual data,S,"Half-yearly, semesterly",EUR,Euro,CY,Cyprus,2005-S2,,,,m,missing value; data cannot exist,,
dataflow,ESTAT:EARN_MW_CUR(1.0),Monthly minimum wages - bi-annual data,S,"Half-yearly, semesterly",EUR,Euro,CY,Cyprus,2006-S1,,,,m,missing value; data cannot exist,,
dataflow,ESTAT:EARN_MW_CUR(1.0),Monthly minimum wages - bi-annual data,S,"Half-yearly, semesterly",EUR,Euro,CY,Cyprus,2006-S2,,,,m,missing value; data cannot exist,,
dataflow,ESTAT:EARN_MW_CUR(1.0),Monthly minimum wages - bi-annual data,S,"Half-yearly, semesterly",EUR,Euro,CY,Cyprus,2007-S1,,,,m,missing value; data cannot exist,,
dataflow,ESTAT:EARN_MW_CUR(1.0),Monthly minimum wages - bi-annual data,S,"Half-yearly, semesterly",EUR,Euro,CY,Cyprus,2007-S2,,,,m,missing value; data cannot exist,,
dataflow,ESTAT:EARN_MW_CUR(1.0),Monthly minimum wages - bi-annual data,S,"Half-yearly, semesterly",EUR,Euro,CY,Cyprus,2008-S1,,,,m,missing value; data cannot exist,,
dataflow,ESTAT:EARN_MW_CUR(1.0),Monthly minimum wages - bi-annual data,S,"Half-yearly, semesterly",EUR,Euro,CY,Cyprus,2008-S2,,,,m,missing value; data cannot exist,,
dataflow,ESTAT:EARN_MW_CUR(1.0),Monthly minimum wages - bi-annual data,S,"Half-yearly, semesterly",EUR,Euro,CY,Cyprus,2009-S1,,,,m,missing value; data cannot exist,,
dataflow,ESTAT:EARN_MW_CUR(1.0),Monthly minimum wages - bi-annual data,S,"Half-yearly, semesterly",EUR,Euro,CY,Cyprus,2009-S2,,,,m,missing value; data cannot exist,,
dataflow,ESTAT:EARN_MW_CUR(1.0),Monthly minimum wages - bi-annual data,S,"Half-yearly, semesterly",EUR,Euro,CY,Cyprus,2010-S1,,,,m,missing value; data cannot exist,,
dataflow,ESTAT:EARN_MW_CUR(1.0),Monthly minimum wages - bi-annual data,S,"Half-yearly, semesterly",EUR,Euro,CY,Cyprus,2010-S2,,,,m,missing value; data cannot exist,,
dataflow,ESTAT:EARN_MW_CUR(1.0),Monthly minimum wages - bi-annual data,S,"Half-yearly, semesterly",EUR,Euro,CY,Cyprus,2011-S1,,,,m,missing value; data cannot exist,,
dataflow,ESTAT:EARN_MW_CUR(1.0),Monthly minimum wages - bi-annual data,S,"Half-yearly, semesterly",EUR,Euro,CY,Cyprus,2011-S2,,,,m,missing value; data cannot exist,,
dataflow,ESTAT:EARN_MW_CUR(1.0),Monthly minimum wages - bi-annual data,S,"Half-yearly, semesterly",EUR,Euro,CY,Cyprus,2012-S1,,,,m,missing value; data cannot exist,,
dataflow,ESTAT:EARN_MW_CUR(1.0),Monthly minimum wages - bi-annual data,S,"Half-yearly, semesterly",EUR,Euro,CY,Cyprus,2012-S2,,,,m,missing value; data cannot exist,,
dataflow,ESTAT:EARN_MW_CUR(1.0),Monthly minimum wages - bi-annual data,S,"Half-yearly, semesterly",EUR,Euro,CY,Cyprus,2013-S1,,,,m,missing value; data cannot exist,,
dataflow,ESTAT:EARN_MW_CUR(1.0),Monthly minimum wages - bi-annual data,S,"Half-yearly, semesterly",EUR,Euro,CY,Cyprus,2013-S2,,,,m,missing value; data cannot exist,,
dataflow,ESTAT:EARN_MW_CUR(1.0),Monthly minimum wages - bi-annual data,S,"Half-yearly, semesterly",EUR,Euro,CY,Cyprus,2014-S1,,,,m,missing value; data cannot exist,,
dataflow,ESTAT:EARN_MW_CUR(1.0),Monthly minimum wages - bi-annual data,S,"Half-yearly, semesterly",EUR,Euro,CY,Cyprus,2014-S2,,,,m,missing value; data cannot exist,,
dataflow,ESTAT:EARN_MW_CUR(1.0),Monthly minimum wages - bi-annual data,S,"Half-yearly, semesterly",EUR,Euro,CY,Cyprus,2015-S1,,,,m,missing value; data cannot exist,,
dataflow,ESTAT:EARN_MW_CUR(1.0),Monthly minimum wages - bi-annual data,S,"Half-yearly, semesterly",EUR,Euro,CY,Cyprus,2015-S2,,,,m,missing value; data cannot exist,,
dataflow,ESTAT:EARN_MW_CUR(1.0),Monthly minimum wages - bi-annual data,S,"Half-yearly, semesterly",EUR,Euro,CY,Cyprus,2016-S1,,,,m,missing value; data cannot exist,,
dataflow,ESTAT:EARN_MW_CUR(1.0),Monthly minimum wages - bi-annual data,S,"Half-yearly, semesterly",EUR,Euro,CY,Cyprus,2016-S2,,,,m,missing value; data cannot exist,,
dataflow,ESTAT:EARN_MW_CUR(1.0),Monthly minimum wages - bi-annual data,S,"Half-yearly, semesterly",EUR,Euro,CY,Cyprus,2017-S1,,,,m,missing value; data cannot exist,,
dataflow,ESTAT:EARN_MW_CUR(1.0),Monthly minimum wages - bi-annual data,S,"Half-yearly, semesterly",EUR,Euro,CY,Cyprus,2017-S2,,,,m,missing value; data cannot exist,,
dataflow,ESTAT:EARN_MW_CUR(1.0),Monthly minimum wages - bi-annual data,S,"Half-yearly, semesterly",EUR,Euro,CY,Cyprus,2018-S1,,,,m,missing value; data cannot exist,,
dataflow,ESTAT:EARN_MW_CUR(1.0),Monthly minimum wages - bi-annual data,S,"Half-yearly, semesterly",EUR,Euro,CY,Cyprus,2018-S2,,,,m,missing value; data cannot exist,,
dataflow,ESTAT:EARN_MW_CUR(1.0),Monthly minimum wages - bi-annual data,S,"Half-yearly, semesterly",EUR,Euro,CY,Cyprus,2019-S1,,,,m,missing value; data cannot exist,,
dataflow,ESTAT:EARN_MW_CUR(1.0),Monthly minimum wages - bi-annual data,S,"Half-yearly, semesterly",EUR,Euro,CY,Cyprus,2019-S2,,,,m,missing value; data cannot exist,,
dataflow,ESTAT:EARN_MW_CUR(1.0),Monthly minimum wages - bi-annual data,S,"Half-yearly, semesterly",EUR,Euro,CY,Cyprus,2020-S1,,,,m,missing value; data cannot exist,,
dataflow,ESTAT:EARN_MW_CUR(1.0),Monthly minimum wages - bi-annual data,S,"Half-yearly, semesterly",EUR,Euro,CY,Cyprus,2020-S2,,,,m,missing value; data cannot exist,,
dataflow,ESTAT:EARN_MW_CUR(1.0),Monthly minimum wages - bi-annual data,S,"Half-yearly, semesterly",EUR,Euro,CY,Cyprus,2021-S1,,,,m,missing value; data cannot exist,,
dataflow,ESTAT:EARN_MW_CUR(1.0),Monthly minimum wages - bi-annual data,S,"Half-yearly, semesterly",EUR,Euro,CY,Cyprus,2021-S2,,,,m,missing value; data cannot exist,,
dataflow,ESTAT:EARN_MW_CUR(1.0),Monthly minimum wages - bi-annual data,S,"Half-yearly, semesterly",EUR,Euro,CY,Cyprus,2022-S1,,,,m,missing value; data cannot exist,,
dataflow,ESTAT:EARN_MW_CUR(1.0),Monthly minimum wages - bi-annual data,S,"Half-yearly, semesterly",EUR,Euro,CY,Cyprus,2022-S2,,,,m,missing value; data cannot exist,,
dataflow,ESTAT:EARN_MW_CUR(1.0),Monthly minimum wages - bi-annual data,S,"Half-yearly, semesterly",EUR,Euro,CY,Cyprus,2023-S1,,940,,,,,
dataflow,ESTAT:EARN_MW_CUR(1.0),Monthly minimum wages - bi-annual data,S,"Half-yearly, semesterly",EUR,Euro,CY,Cyprus,2023-S2,,940,,,,,
dataflow,ESTAT:EARN_MW_CUR(1.0),Monthly minimum wages - bi-annual data,S,"Half-yearly, semesterly",EUR,Euro,CY,Cyprus,2024-S1,,1000,,,,,
dataflow,ESTAT:EARN_MW_CUR(1.0),Monthly minimum wages - bi-annual data,S,"Half-yearly, semesterly",EUR,Euro,CY,Cyprus,2024-S2,,1000,,,,,
dataflow,ESTAT:EARN_MW_CUR(1.0),Monthly minimum wages - bi-annual data,S,"Half-yearly, semesterly",EUR,Euro,CY,Cyprus,2025-S1,,1000,,,,,
dataflow,ESTAT:EARN_MW_CUR(1.0),Monthly minimum wages - bi-annual data,S,"Half-yearly, semesterly",EUR,Euro,CY,Cyprus,2025-S2,,1000,,,,,
dataflow,ESTAT:EARN_MW_CUR(1.0),Monthly minimum wages - bi-annual data,S,"Half-yearly, semesterly",EUR,Euro,CZ,Czechia,1999-S1,,92,,,,,
dataflow,ESTAT:EARN_MW_CUR(1.0),Monthly minimum wages - bi-annual data,S,"Half-yearly, semesterly",EUR,Euro,CZ,Czechia,1999-S2,,99,,,,,
dataflow,ESTAT:EARN_MW_CUR(1.0),Monthly minimum wages - bi-annual data,S,"Half-yearly, semesterly",EUR,Euro,CZ,Czechia,2000-S1,,111,,,,,
dataflow,ESTAT:EARN_MW_CUR(1.0),Monthly minimum wages - bi-annual data,S,"Half-yearly, semesterly",EUR,Euro,CZ,Czechia,2000-S2,,126,,,,,
dataflow,ESTAT:EARN_MW_CUR(1.0),Monthly minimum wages - bi-annual data,S,"Half-yearly, semesterly",EUR,Euro,CZ,Czechia,2001-S1,,143,,,,,
dataflow,ESTAT:EARN_MW_CUR(1.0),Monthly minimum wages - bi-annual data,S,"Half-yearly, semesterly",EUR,Euro,CZ,Czechia,2001-S2,,148,,,,,
dataflow,ESTAT:EARN_MW_CUR(1.0),Monthly minimum wages - bi-annual data,S,"Half-yearly, semesterly",EUR,Euro,CZ,Czechia,2002-S1,,178,,,,,
dataflow,ESTAT:EARN_MW_CUR(1.0),Monthly minimum wages - bi-annual data,S,"Half-yearly, semesterly",EUR,Euro,CZ,Czechia,2002-S2,,195,,,,,
dataflow,ESTAT:EARN_MW_CUR(1.0),Monthly minimum wages - bi-annual data,S,"Half-yearly, semesterly",EUR,Euro,CZ,Czechia,2003-S1,,196,,,,,
dataflow,ESTAT:EARN_MW_CUR(1.0),Monthly minimum wages - bi-annual data,S,"Half-yearly, semesterly",EUR,Euro,CZ,Czechia,2003-S2,,196,,,,,
dataflow,ESTAT:EARN_MW_CUR(1.0),Monthly minimum wages - bi-annual data,S,"Half-yearly, semesterly",EUR,Euro,CZ,Czechia,2004-S1,,207,,,,,
dataflow,ESTAT:EARN_MW_CUR(1.0),Monthly minimum wages - bi-annual data,S,"Half-yearly, semesterly",EUR,Euro,CZ,Czechia,2004-S2,,211,,,,,
dataflow,ESTAT:EARN_MW_CUR(1.0),Monthly minimum wages - bi-annual data,S,"Half-yearly, semesterly",EUR,Euro,CZ,Czechia,2005-S1,,236,,,,,
dataflow,ESTAT:EARN_MW_CUR(1.0),Monthly minimum wages - bi-annual data,S,"Half-yearly, semesterly",EUR,Euro,CZ,Czechia,2005-S2,,239,,,,,
dataflow,ESTAT:EARN_MW_CUR(1.0),Monthly minimum wages - bi-annual data,S,"Half-yearly, semesterly",EUR,Euro,CZ,Czechia,2006-S1,,261,,,,,
dataflow,ESTAT:EARN_MW_CUR(1.0),Monthly minimum wages - bi-annual data,S,"Half-yearly, semesterly",EUR,Euro,CZ,Czechia,2006-S2,,279,,,,,
dataflow,ESTAT:EARN_MW_CUR(1.0),Monthly minimum wages - bi-annual data,S,"Half-yearly, semesterly",EUR,Euro,CZ,Czechia,2007-S1,,291,,,,,
dataflow,ESTAT:EARN_MW_CUR(1.0),Monthly minimum wages - bi-annual data,S,"Half-yearly, semesterly",EUR,Euro,CZ,Czechia,2007-S2,,279,,,,,
dataflow,ESTAT:EARN_MW_CUR(1.0),Monthly minimum wages - bi-annual data,S,"Half-yearly, semesterly",EUR,Euro,CZ,Czechia,2008-S1,,300,,,,,
dataflow,ESTAT:EARN_MW_CUR(1.0),Monthly minimum wages - bi-annual data,S,"Half-yearly, semesterly",EUR,Euro,CZ,Czechia,2008-S2,,335,,,,,
dataflow,ESTAT:EARN_MW_CUR(1.0),Monthly minimum wages - bi-annual data,S,"Half-yearly, semesterly",EUR,Euro,CZ,Czechia,2009-S1,,298,,,,,
dataflow,ESTAT:EARN_MW_CUR(1.0),Monthly minimum wages - bi-annual data,S,"Half-yearly, semesterly",EUR,Euro,CZ,Czechia,2009-S2,,309,,,,,
dataflow,ESTAT:EARN_MW_CUR(1.0),Monthly minimum wages - bi-annual data,S,"Half-yearly, semesterly",EUR,Euro,CZ,Czechia,2010-S1,,302,,,,,
dataflow,ESTAT:EARN_MW_CUR(1.0),Monthly minimum wages - bi-annual data,S,"Half-yearly, semesterly",EUR,Euro,CZ,Czechia,2010-S2,,311,,,,,
dataflow,ESTAT:EARN_MW_CUR(1.0),Monthly minimum wages - bi-annual data,S,"Half-yearly, semesterly",EUR,Euro,CZ,Czechia,2011-S1,,319,,,,,
dataflow,ESTAT:EARN_MW_CUR(1.0),Monthly minimum wages - bi-annual data,S,"Half-yearly, semesterly",EUR,Euro,CZ,Czechia,2011-S2,,329,,,,,
dataflow,ESTAT:EARN_MW_CUR(1.0),Monthly minimum wages - bi-annual data,S,"Half-yearly, semesterly",EUR,Euro,CZ,Czechia,2012-S1,,310,,,,,
dataflow,ESTAT:EARN_MW_CUR(1.0),Monthly minimum wages - bi-annual data,S,"Half-yearly, semesterly",EUR,Euro,CZ,Czechia,2012-S2,,312,,,,,
dataflow,ESTAT:EARN_MW_CUR(1.0),Monthly minimum wages - bi-annual data,S,"Half-yearly, semesterly",EUR,Euro,CZ,Czechia,2013-S1,,318,,,,,
dataflow,ESTAT:EARN_MW_CUR(1.0),Monthly minimum wages - bi-annual data,S,"Half-yearly, semesterly",EUR,Euro,CZ,Czechia,2013-S2,,308,,,,,
dataflow,ESTAT:EARN_MW_CUR(1.0),Monthly minimum wages - bi-annual data,S,"Half-yearly, semesterly",EUR,Euro,CZ,Czechia,2014-S1,,310,,,,,
dataflow,ESTAT:EARN_MW_CUR(1.0),Monthly minimum wages - bi-annual data,S,"Half-yearly, semesterly",EUR,Euro,CZ,Czechia,2014-S2,,310,,,,,
dataflow,ESTAT:EARN_MW_CUR(1.0),Monthly minimum wages - bi-annual data,S,"Half-yearly, semesterly",EUR,Euro,CZ,Czechia,2015-S1,,332,,,,,
dataflow,ESTAT:EARN_MW_CUR(1.0),Monthly minimum wages - bi-annual data,S,"Half-yearly, semesterly",EUR,Euro,CZ,Czechia,2015-S2,,338,,,,,
dataflow,ESTAT:EARN_MW_CUR(1.0),Monthly minimum wages - bi-annual data,S,"Half-yearly, semesterly",EUR,Euro,CZ,Czechia,2016-S1,,366,,,,,
dataflow,ESTAT:EARN_MW_CUR(1.0),Monthly minimum wages - bi-annual data,S,"Half-yearly, semesterly",EUR,Euro,CZ,Czechia,2016-S2,,365,,,,,
dataflow,ESTAT:EARN_MW_CUR(1.0),Monthly minimum wages - bi-annual data,S,"Half-yearly, semesterly",EUR,Euro,CZ,Czechia,2017-S1,,407,,,,,
dataflow,ESTAT:EARN_MW_CUR(1.0),Monthly minimum wages - bi-annual data,S,"Half-yearly, semesterly",EUR,Euro,CZ,Czechia,2017-S2,,420,,,,,
dataflow,ESTAT:EARN_MW_CUR(1.0),Monthly minimum wages - bi-annual data,S,"Half-yearly, semesterly",EUR,Euro,CZ,Czechia,2018-S1,,478,,,,,
dataflow,ESTAT:EARN_MW_CUR(1.0),Monthly minimum wages - bi-annual data,S,"Half-yearly, semesterly",EUR,Euro,CZ,Czechia,2018-S2,,469,,,,,
dataflow,ESTAT:EARN_MW_CUR(1.0),Monthly minimum wages - bi-annual data,S,"Half-yearly, semesterly",EUR,Euro,CZ,Czechia,2019-S1,,519,,,,,
dataflow,ESTAT:EARN_MW_CUR(1.0),Monthly minimum wages - bi-annual data,S,"Half-yearly, semesterly",EUR,Euro,CZ,Czechia,2019-S2,,525,,,,,
dataflow,ESTAT:EARN_MW_CUR(1.0),Monthly minimum wages - bi-annual data,S,"Half-yearly, semesterly",EUR,Euro,CZ,Czechia,2020-S1,,575,,,,,
dataflow,ESTAT:EARN_MW_CUR(1.0),Monthly minimum wages - bi-annual data,S,"Half-yearly, semesterly",EUR,Euro,CZ,Czechia,2020-S2,,546,,,,,
dataflow,ESTAT:EARN_MW_CUR(1.0),Monthly minimum wages - bi-annual data,S,"Half-yearly, semesterly",EUR,Euro,CZ,Czechia,2021-S1,,579,,,,,
dataflow,ESTAT:EARN_MW_CUR(1.0),Monthly minimum wages - bi-annual data,S,"Half-yearly, semesterly",EUR,Euro,CZ,Czechia,2021-S2,,596,,,,,
dataflow,ESTAT:EARN_MW_CUR(1.0),Monthly minimum wages - bi-annual data,S,"Half-yearly, semesterly",EUR,Euro,CZ,Czechia,2022-S1,,652,,,,,
dataflow,ESTAT:EARN_MW_CUR(1.0),Monthly minimum wages - bi-annual data,S,"Half-yearly, semesterly",EUR,Euro,CZ,Czechia,2022-S2,,655,,,,,
dataflow,ESTAT:EARN_MW_CUR(1.0),Monthly minimum wages - bi-annual data,S,"Half-yearly, semesterly",EUR,Euro,CZ,Czechia,2023-S1,,717,,,,,
dataflow,ESTAT:EARN_MW_CUR(1.0),Monthly minimum wages - bi-annual data,S,"Half-yearly, semesterly",EUR,Euro,CZ,Czechia,2023-S2,,729,,,,,
dataflow,ESTAT:EARN_MW_CUR(1.0),Monthly minimum wages - bi-annual data,S,"Half-yearly, semesterly",EUR,Euro,CZ,Czechia,2024-S1,,764,,,,,
dataflow,ESTAT:EARN_MW_CUR(1.0),Monthly minimum wages - bi-annual data,S,"Half-yearly, semesterly",EUR,Euro,CZ,Czechia,2024-S2,,755,,,,,
dataflow,ESTAT:EARN_MW_CUR(1.0),Monthly minimum wages - bi-annual data,S,"Half-yearly, semesterly",EUR,Euro,CZ,Czechia,2025-S1,,826,,,,,
dataflow,ESTAT:EARN_MW_CUR(1.0),Monthly minimum wages - bi-annual data,S,"Half-yearly, semesterly",EUR,Euro,CZ,Czechia,2025-S2,,841,,,,,
dataflow,ESTAT:EARN_MW_CUR(1.0),Monthly minimum wages - bi-annual data,S,"Half-yearly, semesterly",EUR,Euro,DE,Germany,1999-S1,,,,m,missing value; data cannot exist,,
dataflow,ESTAT:EARN_MW_CUR(1.0),Monthly minimum wages - bi-annual data,S,"Half-yearly, semesterly",EUR,Euro,DE,Germany,1999-S2,,,,m,missing value; data cannot exist,,
dataflow,ESTAT:EARN_MW_CUR(1.0),Monthly minimum wages - bi-annual data,S,"Half-yearly, semesterly",EUR,Euro,DE,Germany,2000-S1,,,,m,missing value; data cannot exist,,
dataflow,ESTAT:EARN_MW_CUR(1.0),Monthly minimum wages - bi-annual data,S,"Half-yearly, semesterly",EUR,Euro,DE,Germany,2000-S2,,,,m,missing value; data cannot exist,,
dataflow,ESTAT:EARN_MW_CUR(1.0),Monthly minimum wages - bi-annual data,S,"Half-yearly, semesterly",EUR,Euro,DE,Germany,2001-S1,,,,m,missing value; data cannot exist,,
dataflow,ESTAT:EARN_MW_CUR(1.0),Monthly minimum wages - bi-annual data,S,"Half-yearly, semesterly",EUR,Euro,DE,Germany,2001-S2,,,,m,missing value; data cannot exist,,
dataflow,ESTAT:EARN_MW_CUR(1.0),Monthly minimum wages - bi-annual data,S,"Half-yearly, semesterly",EUR,Euro,DE,Germany,2002-S1,,,,m,missing value; data cannot exist,,
dataflow,ESTAT:EARN_MW_CUR(1.0),Monthly minimum wages - bi-annual data,S,"Half-yearly, semesterly",EUR,Euro,DE,Germany,2002-S2,,,,m,missing value; data cannot exist,,
dataflow,ESTAT:EARN_MW_CUR(1.0),Monthly minimum wages - bi-annual data,S,"Half-yearly, semesterly",EUR,Euro,DE,Germany,2003-S1,,,,m,missing value; data cannot exist,,
dataflow,ESTAT:EARN_MW_CUR(1.0),Monthly minimum wages - bi-annual data,S,"Half-yearly, semesterly",EUR,Euro,DE,Germany,2003-S2,,,,m,missing value; data cannot exist,,
dataflow,ESTAT:EARN_MW_CUR(1.0),Monthly minimum wages - bi-annual data,S,"Half-yearly, semesterly",EUR,Euro,DE,Germany,2004-S1,,,,m,missing value; data cannot exist,,
dataflow,ESTAT:EARN_MW_CUR(1.0),Monthly minimum wages - bi-annual data,S,"Half-yearly, semesterly",EUR,Euro,DE,Germany,2004-S2,,,,m,missing value; data cannot exist,,
dataflow,ESTAT:EARN_MW_CUR(1.0),Monthly minimum wages - bi-annual data,S,"Half-yearly, semesterly",EUR,Euro,DE,Germany,2005-S1,,,,m,missing value; data cannot exist,,
dataflow,ESTAT:EARN_MW_CUR(1.0),Monthly minimum wages - bi-annual data,S,"Half-yearly, semesterly",EUR,Euro,DE,Germany,2005-S2,,,,m,missing value; data cannot exist,,
dataflow,ESTAT:EARN_MW_CUR(1.0),Monthly minimum wages - bi-annual data,S,"Half-yearly, semesterly",EUR,Euro,DE,Germany,2006-S1,,,,m,missing value; data cannot exist,,
dataflow,ESTAT:EARN_MW_CUR(1.0),Monthly minimum wages - bi-annual data,S,"Half-yearly, semesterly",EUR,Euro,DE,Germany,2006-S2,,,,m,missing value; data cannot exist,,
dataflow,ESTAT:EARN_MW_CUR(1.0),Monthly minimum wages - bi-annual data,S,"Half-yearly, semesterly",EUR,Euro,DE,Germany,2007-S1,,,,m,missing value; data cannot exist,,
dataflow,ESTAT:EARN_MW_CUR(1.0),Monthly minimum wages - bi-annual data,S,"Half-yearly, semesterly",EUR,Euro,DE,Germany,2007-S2,,,,m,missing value; data cannot exist,,
dataflow,ESTAT:EARN_MW_CUR(1.0),Monthly minimum wages - bi-annual data,S,"Half-yearly, semesterly",EUR,Euro,DE,Germany,2008-S1,,,,m,missing value; data cannot exist,,
dataflow,ESTAT:EARN_MW_CUR(1.0),Monthly minimum wages - bi-annual data,S,"Half-yearly, semesterly",EUR,Euro,DE,Germany,2008-S2,,,,m,missing value; data cannot exist,,
dataflow,ESTAT:EARN_MW_CUR(1.0),Monthly minimum wages - bi-annual data,S,"Half-yearly, semesterly",EUR,Euro,DE,Germany,2009-S1,,,,m,missing value; data cannot exist,,
dataflow,ESTAT:EARN_MW_CUR(1.0),Monthly minimum wages - bi-annual data,S,"Half-yearly, semesterly",EUR,Euro,DE,Germany,2009-S2,,,,m,missing value; data cannot exist,,
dataflow,ESTAT:EARN_MW_CUR(1.0),Monthly minimum wages - bi-annual data,S,"Half-yearly, semesterly",EUR,Euro,DE,Germany,2010-S1,,,,m,missing value; data cannot exist,,
dataflow,ESTAT:EARN_MW_CUR(1.0),Monthly minimum wages - bi-annual data,S,"Half-yearly, semesterly",EUR,Euro,DE,Germany,2010-S2,,,,m,missing value; data cannot exist,,
dataflow,ESTAT:EARN_MW_CUR(1.0),Monthly minimum wages - bi-annual data,S,"Half-yearly, semesterly",EUR,Euro,DE,Germany,2011-S1,,,,m,missing value; data cannot exist,,
dataflow,ESTAT:EARN_MW_CUR(1.0),Monthly minimum wages - bi-annual data,S,"Half-yearly, semesterly",EUR,Euro,DE,Germany,2011-S2,,,,m,missing value; data cannot exist,,
dataflow,ESTAT:EARN_MW_CUR(1.0),Monthly minimum wages - bi-annual data,S,"Half-yearly, semesterly",EUR,Euro,DE,Germany,2012-S1,,,,m,missing value; data cannot exist,,
dataflow,ESTAT:EARN_MW_CUR(1.0),Monthly minimum wages - bi-annual data,S,"Half-yearly, semesterly",EUR,Euro,DE,Germany,2012-S2,,,,m,missing value; data cannot exist,,
dataflow,ESTAT:EARN_MW_CUR(1.0),Monthly minimum wages - bi-annual data,S,"Half-yearly, semesterly",EUR,Euro,DE,Germany,2013-S1,,,,m,missing value; data cannot exist,,
dataflow,ESTAT:EARN_MW_CUR(1.0),Monthly minimum wages - bi-annual data,S,"Half-yearly, semesterly",EUR,Euro,DE,Germany,2013-S2,,,,m,missing value; data cannot exist,,
dataflow,ESTAT:EARN_MW_CUR(1.0),Monthly minimum wages - bi-annual data,S,"Half-yearly, semesterly",EUR,Euro,DE,Germany,2014-S1,,,,m,missing value; data cannot exist,,
dataflow,ESTAT:EARN_MW_CUR(1.0),Monthly minimum wages - bi-annual data,S,"Half-yearly, semesterly",EUR,Euro,DE,Germany,2014-S2,,,,m,missing value; data cannot exist,,
dataflow,ESTAT:EARN_MW_CUR(1.0),Monthly minimum wages - bi-annual data,S,"Half-yearly, semesterly",EUR,Euro,DE,Germany,2015-S1,,1444,,,,,
dataflow,ESTAT:EARN_MW_CUR(1.0),Monthly minimum wages - bi-annual data,S,"Half-yearly, semesterly",EUR,Euro,DE,Germany,2015-S2,,1444,,,,,
dataflow,ESTAT:EARN_MW_CUR(1.0),Monthly minimum wages - bi-annual data,S,"Half-yearly, semesterly",EUR,Euro,DE,Germany,2016-S1,,1444,,,,,
dataflow,ESTAT:EARN_MW_CUR(1.0),Monthly minimum wages - bi-annual data,S,"Half-yearly, semesterly",EUR,Euro,DE,Germany,2016-S2,,1444,,,,,
dataflow,ESTAT:EARN_MW_CUR(1.0),Monthly minimum wages - bi-annual data,S,"Half-yearly, semesterly",EUR,Euro,DE,Germany,2017-S1,,1506,,,,,
dataflow,ESTAT:EARN_MW_CUR(1.0),Monthly minimum wages - bi-annual data,S,"Half-yearly, semesterly",EUR,Euro,DE,Germany,2017-S2,,1506,,,,,
dataflow,ESTAT:EARN_MW_CUR(1.0),Monthly minimum wages - bi-annual data,S,"Half-yearly, semesterly",EUR,Euro,DE,Germany,2018-S1,,1506,,,,,
dataflow,ESTAT:EARN_MW_CUR(1.0),Monthly minimum wages - bi-annual data,S,"Half-yearly, semesterly",EUR,Euro,DE,Germany,2018-S2,,1506,,,,,
dataflow,ESTAT:EARN_MW_CUR(1.0),Monthly minimum wages - bi-annual data,S,"Half-yearly, semesterly",EUR,Euro,DE,Germany,2019-S1,,1561,,,,,
dataflow,ESTAT:EARN_MW_CUR(1.0),Monthly minimum wages - bi-annual data,S,"Half-yearly, semesterly",EUR,Euro,DE,Germany,2019-S2,,1561,,,,,
dataflow,ESTAT:EARN_MW_CUR(1.0),Monthly minimum wages - bi-annual data,S,"Half-yearly, semesterly",EUR,Euro,DE,Germany,2020-S1,,1544,,,,,
dataflow,ESTAT:EARN_MW_CUR(1.0),Monthly minimum wages - bi-annual data,S,"Half-yearly, semesterly",EUR,Euro,DE,Germany,2020-S2,,1544,,,,,
dataflow,ESTAT:EARN_MW_CUR(1.0),Monthly minimum wages - bi-annual data,S,"Half-yearly, semesterly",EUR,Euro,DE,Germany,2021-S1,,1585,,,,,
dataflow,ESTAT:EARN_MW_CUR(1.0),Monthly minimum wages - bi-annual data,S,"Half-yearly, semesterly",EUR,Euro,DE,Germany,2021-S2,,1602,,,,,
dataflow,ESTAT:EARN_MW_CUR(1.0),Monthly minimum wages - bi-annual data,S,"Half-yearly, semesterly",EUR,Euro,DE,Germany,2022-S1,,1634,,,,,
dataflow,ESTAT:EARN_MW_CUR(1.0),Monthly minimum wages - bi-annual data,S,"Half-yearly, semesterly",EUR,Euro,DE,Germany,2022-S2,,1739,,,,,
dataflow,ESTAT:EARN_MW_CUR(1.0),Monthly minimum wages - bi-annual data,S,"Half-yearly, semesterly",EUR,Euro,DE,Germany,2023-S1,,1997,,,,,
dataflow,ESTAT:EARN_MW_CUR(1.0),Monthly minimum wages - bi-annual data,S,"Half-yearly, semesterly",EUR,Euro,DE,Germany,2023-S2,,1997,,,,,
dataflow,ESTAT:EARN_MW_CUR(1.0),Monthly minimum wages - bi-annual data,S,"Half-yearly, semesterly",EUR,Euro,DE,Germany,2024-S1,,2054,,,,,
dataflow,ESTAT:EARN_MW_CUR(1.0),Monthly minimum wages - bi-annual data,S,"Half-yearly, semesterly",EUR,Euro,DE,Germany,2024-S2,,2054,,,,,
dataflow,ESTAT:EARN_MW_CUR(1.0),Monthly minimum wages - bi-annual data,S,"Half-yearly, semesterly",EUR,Euro,DE,Germany,2025-S1,,2161,,,,,
dataflow,ESTAT:EARN_MW_CUR(1.0),Monthly minimum wages - bi-annual data,S,"Half-yearly, semesterly",EUR,Euro,DE,Germany,2025-S2,,2161,,,,,
dataflow,ESTAT:EARN_MW_CUR(1.0),Monthly minimum wages - bi-annual data,S,"Half-yearly, semesterly",EUR,Euro,EE,Estonia,1999-S1,,80,,,,,
dataflow,ESTAT:EARN_MW_CUR(1.0),Monthly minimum wages - bi-annual data,S,"Half-yearly, semesterly",EUR,Euro,EE,Estonia,1999-S2,,80,,,,,
dataflow,ESTAT:EARN_MW_CUR(1.0),Monthly minimum wages - bi-annual data,S,"Half-yearly, semesterly",EUR,Euro,EE,Estonia,2000-S1,,89,,,,,
dataflow,ESTAT:EARN_MW_CUR(1.0),Monthly minimum wages - bi-annual data,S,"Half-yearly, semesterly",EUR,Euro,EE,Estonia,2000-S2,,89,,,,,
dataflow,ESTAT:EARN_MW_CUR(1.0),Monthly minimum wages - bi-annual data,S,"Half-yearly, semesterly",EUR,Euro,EE,Estonia,2001-S1,,102,,,,,
dataflow,ESTAT:EARN_MW_CUR(1.0),Monthly minimum wages - bi-annual data,S,"Half-yearly, semesterly",EUR,Euro,EE,Estonia,2001-S2,,102,,,,,
dataflow,ESTAT:EARN_MW_CUR(1.0),Monthly minimum wages - bi-annual data,S,"Half-yearly, semesterly",EUR,Euro,EE,Estonia,2002-S1,,118,,,,,
dataflow,ESTAT:EARN_MW_CUR(1.0),Monthly minimum wages - bi-annual data,S,"Half-yearly, semesterly",EUR,Euro,EE,Estonia,2002-S2,,118,,,,,
dataflow,ESTAT:EARN_MW_CUR(1.0),Monthly minimum wages - bi-annual data,S,"Half-yearly, semesterly",EUR,Euro,EE,Estonia,2003-S1,,138,,,,,
dataflow,ESTAT:EARN_MW_CUR(1.0),Monthly minimum wages - bi-annual data,S,"Half-yearly, semesterly",EUR,Euro,EE,Estonia,2003-S2,,138,,,,,
dataflow,ESTAT:EARN_MW_CUR(1.0),Monthly minimum wages - bi-annual data,S,"Half-yearly, semesterly",EUR,Euro,EE,Estonia,2004-S1,,159,,,,,
dataflow,ESTAT:EARN_MW_CUR(1.0),Monthly minimum wages - bi-annual data,S,"Half-yearly, semesterly",EUR,Euro,EE,Estonia,2004-S2,,159,,,,,
dataflow,ESTAT:EARN_MW_CUR(1.0),Monthly minimum wages - bi-annual data,S,"Half-yearly, semesterly",EUR,Euro,EE,Estonia,2005-S1,,172,,,,,
dataflow,ESTAT:EARN_MW_CUR(1.0),Monthly minimum wages - bi-annual data,S,"Half-yearly, semesterly",EUR,Euro,EE,Estonia,2005-S2,,172,,,,,
dataflow,ESTAT:EARN_MW_CUR(1.0),Monthly minimum wages - bi-annual data,S,"Half-yearly, semesterly",EUR,Euro,EE,Estonia,2006-S1,,192,,,,,
dataflow,ESTAT:EARN_MW_CUR(1.0),Monthly minimum wages - bi-annual data,S,"Half-yearly, semesterly",EUR,Euro,EE,Estonia,2006-S2,,192,,,,,
dataflow,ESTAT:EARN_MW_CUR(1.0),Monthly minimum wages - bi-annual data,S,"Half-yearly, semesterly",EUR,Euro,EE,Estonia,2007-S1,,230,,,,,
dataflow,ESTAT:EARN_MW_CUR(1.0),Monthly minimum wages - bi-annual data,S,"Half-yearly, semesterly",EUR,Euro,EE,Estonia,2007-S2,,230,,,,,
dataflow,ESTAT:EARN_MW_CUR(1.0),Monthly minimum wages - bi-annual data,S,"Half-yearly, semesterly",EUR,Euro,EE,Estonia,2008-S1,,278,,,,,
dataflow,ESTAT:EARN_MW_CUR(1.0),Monthly minimum wages - bi-annual data,S,"Half-yearly, semesterly",EUR,Euro,EE,Estonia,2008-S2,,278,,,,,
dataflow,ESTAT:EARN_MW_CUR(1.0),Monthly minimum wages - bi-annual data,S,"Half-yearly, semesterly",EUR,Euro,EE,Estonia,2009-S1,,278,,,,,
dataflow,ESTAT:EARN_MW_CUR(1.0),Monthly minimum wages - bi-annual data,S,"Half-yearly, semesterly",EUR,Euro,EE,Estonia,2009-S2,,278,,,,,
dataflow,ESTAT:EARN_MW_CUR(1.0),Monthly minimum wages - bi-annual data,S,"Half-yearly, semesterly",EUR,Euro,EE,Estonia,2010-S1,,278,,,,,
dataflow,ESTAT:EARN_MW_CUR(1.0),Monthly minimum wages - bi-annual data,S,"Half-yearly, semesterly",EUR,Euro,EE,Estonia,2010-S2,,278,,,,,
dataflow,ESTAT:EARN_MW_CUR(1.0),Monthly minimum wages - bi-annual data,S,"Half-yearly, semesterly",EUR,Euro,EE,Estonia,2011-S1,,278,,,,,
dataflow,ESTAT:EARN_MW_CUR(1.0),Monthly minimum wages - bi-annual data,S,"Half-yearly, semesterly",EUR,Euro,EE,Estonia,2011-S2,,278,,,,,
dataflow,ESTAT:EARN_MW_CUR(1.0),Monthly minimum wages - bi-annual data,S,"Half-yearly, semesterly",EUR,Euro,EE,Estonia,2012-S1,,290,,,,,
dataflow,ESTAT:EARN_MW_CUR(1.0),Monthly minimum wages - bi-annual data,S,"Half-yearly, semesterly",EUR,Euro,EE,Estonia,2012-S2,,290,,,,,
dataflow,ESTAT:EARN_MW_CUR(1.0),Monthly minimum wages - bi-annual data,S,"Half-yearly, semesterly",EUR,Euro,EE,Estonia,2013-S1,,320,,,,,
dataflow,ESTAT:EARN_MW_CUR(1.0),Monthly minimum wages - bi-annual data,S,"Half-yearly, semesterly",EUR,Euro,EE,Estonia,2013-S2,,320,,,,,
dataflow,ESTAT:EARN_MW_CUR(1.0),Monthly minimum wages - bi-annual data,S,"Half-yearly, semesterly",EUR,Euro,EE,Estonia,2014-S1,,355,,,,,
dataflow,ESTAT:EARN_MW_CUR(1.0),Monthly minimum wages - bi-annual data,S,"Half-yearly, semesterly",EUR,Euro,EE,Estonia,2014-S2,,355,,,,,
dataflow,ESTAT:EARN_MW_CUR(1.0),Monthly minimum wages - bi-annual data,S,"Half-yearly, semesterly",EUR,Euro,EE,Estonia,2015-S1,,390,,,,,
dataflow,ESTAT:EARN_MW_CUR(1.0),Monthly minimum wages - bi-annual data,S,"Half-yearly, semesterly",EUR,Euro,EE,Estonia,2015-S2,,390,,,,,
dataflow,ESTAT:EARN_MW_CUR(1.0),Monthly minimum wages - bi-annual data,S,"Half-yearly, semesterly",EUR,Euro,EE,Estonia,2016-S1,,430,,,,,
dataflow,ESTAT:EARN_MW_CUR(1.0),Monthly minimum wages - bi-annual data,S,"Half-yearly, semesterly",EUR,Euro,EE,Estonia,2016-S2,,430,,,,,
dataflow,ESTAT:EARN_MW_CUR(1.0),Monthly minimum wages - bi-annual data,S,"Half-yearly, semesterly",EUR,Euro,EE,Estonia,2017-S1,,470,,,,,
dataflow,ESTAT:EARN_MW_CUR(1.0),Monthly minimum wages - bi-annual data,S,"Half-yearly, semesterly",EUR,Euro,EE,Estonia,2017-S2,,470,,,,,
dataflow,ESTAT:EARN_MW_CUR(1.0),Monthly minimum wages - bi-annual data,S,"Half-yearly, semesterly",EUR,Euro,EE,Estonia,2018-S1,,500,,,,,
dataflow,ESTAT:EARN_MW_CUR(1.0),Monthly minimum wages - bi-annual data,S,"Half-yearly, semesterly",EUR,Euro,EE,Estonia,2018-S2,,500,,,,,
dataflow,ESTAT:EARN_MW_CUR(1.0),Monthly minimum wages - bi-annual data,S,"Half-yearly, semesterly",EUR,Euro,EE,Estonia,2019-S1,,540,,,,,
dataflow,ESTAT:EARN_MW_CUR(1.0),Monthly minimum wages - bi-annual data,S,"Half-yearly, semesterly",EUR,Euro,EE,Estonia,2019-S2,,540,,,,,
dataflow,ESTAT:EARN_MW_CUR(1.0),Monthly minimum wages - bi-annual data,S,"Half-yearly, semesterly",EUR,Euro,EE,Estonia,2020-S1,,584,,,,,
dataflow,ESTAT:EARN_MW_CUR(1.0),Monthly minimum wages - bi-annual data,S,"Half-yearly, semesterly",EUR,Euro,EE,Estonia,2020-S2,,584,,,,,
dataflow,ESTAT:EARN_MW_CUR(1.0),Monthly minimum wages - bi-annual data,S,"Half-yearly, semesterly",EUR,Euro,EE,Estonia,2021-S1,,584,,,,,
dataflow,ESTAT:EARN_MW_CUR(1.0),Monthly minimum wages - bi-annual data,S,"Half-yearly, semesterly",EUR,Euro,EE,Estonia,2021-S2,,584,,,,,
dataflow,ESTAT:EARN_MW_CUR(1.0),Monthly minimum wages - bi-annual data,S,"Half-yearly, semesterly",EUR,Euro,EE,Estonia,2022-S1,,654,,,,,
dataflow,ESTAT:EARN_MW_CUR(1.0),Monthly minimum wages - bi-annual data,S,"Half-yearly, semesterly",EUR,Euro,EE,Estonia,2022-S2,,654,,,,,
dataflow,ESTAT:EARN_MW_CUR(1.0),Monthly minimum wages - bi-annual data,S,"Half-yearly, semesterly",EUR,Euro,EE,Estonia,2023-S1,,725,,,,,
dataflow,ESTAT:EARN_MW_CUR(1.0),Monthly minimum wages - bi-annual data,S,"Half-yearly, semesterly",EUR,Euro,EE,Estonia,2023-S2,,725,,,,,
dataflow,ESTAT:EARN_MW_CUR(1.0),Monthly minimum wages - bi-annual data,S,"Half-yearly, semesterly",EUR,Euro,EE,Estonia,2024-S1,,820,,,,,
dataflow,ESTAT:EARN_MW_CUR(1.0),Monthly minimum wages - bi-annual data,S,"Half-yearly, semesterly",EUR,Euro,EE,Estonia,2024-S2,,820,,,,,
dataflow,ESTAT:EARN_MW_CUR(1.0),Monthly minimum wages - bi-annual data,S,"Half-yearly, semesterly",EUR,Euro,EE,Estonia,2025-S1,,886,,,,,
dataflow,ESTAT:EARN_MW_CUR(1.0),Monthly minimum wages - bi-annual data,S,"Half-yearly, semesterly",EUR,Euro,EE,Estonia,2025-S2,,886,,,,,
dataflow,ESTAT:EARN_MW_CUR(1.0),Monthly minimum wages - bi-annual data,S,"Half-yearly, semesterly",EUR,Euro,EL,Greece,1999-S1,,505,,,,,
dataflow,ESTAT:EARN_MW_CUR(1.0),Monthly minimum wages - bi-annual data,S,"Half-yearly, semesterly",EUR,Euro,EL,Greece,1999-S2,,512,,,,,
dataflow,ESTAT:EARN_MW_CUR(1.0),Monthly minimum wages - bi-annual data,S,"Half-yearly, semesterly",EUR,Euro,EL,Greece,2000-S1,,526,,,,,
dataflow,ESTAT:EARN_MW_CUR(1.0),Monthly minimum wages - bi-annual data,S,"Half-yearly, semesterly",EUR,Euro,EL,Greece,2000-S2,,534,,,,,
dataflow,ESTAT:EARN_MW_CUR(1.0),Monthly minimum wages - bi-annual data,S,"Half-yearly, semesterly",EUR,Euro,EL,Greece,2001-S1,,544,,,,,
dataflow,ESTAT:EARN_MW_CUR(1.0),Monthly minimum wages - bi-annual data,S,"Half-yearly, semesterly",EUR,Euro,EL,Greece,2001-S2,,552,,,,,
dataflow,ESTAT:EARN_MW_CUR(1.0),Monthly minimum wages - bi-annual data,S,"Half-yearly, semesterly",EUR,Euro,EL,Greece,2002-S1,,572,,,,,
dataflow,ESTAT:EARN_MW_CUR(1.0),Monthly minimum wages - bi-annual data,S,"Half-yearly, semesterly",EUR,Euro,EL,Greece,2002-S2,,582,,,,,
dataflow,ESTAT:EARN_MW_CUR(1.0),Monthly minimum wages - bi-annual data,S,"Half-yearly, semesterly",EUR,Euro,EL,Greece,2003-S1,,607,,,,,
dataflow,ESTAT:EARN_MW_CUR(1.0),Monthly minimum wages - bi-annual data,S,"Half-yearly, semesterly",EUR,Euro,EL,Greece,2003-S2,,607,,,,,
dataflow,ESTAT:EARN_MW_CUR(1.0),Monthly minimum wages - bi-annual data,S,"Half-yearly, semesterly",EUR,Euro,EL,Greece,2004-S1,,631,,,,,
dataflow,ESTAT:EARN_MW_CUR(1.0),Monthly minimum wages - bi-annual data,S,"Half-yearly, semesterly",EUR,Euro,EL,Greece,2004-S2,,631,,,,,
dataflow,ESTAT:EARN_MW_CUR(1.0),Monthly minimum wages - bi-annual data,S,"Half-yearly, semesterly",EUR,Euro,EL,Greece,2005-S1,,668,,,,,
dataflow,ESTAT:EARN_MW_CUR(1.0),Monthly minimum wages - bi-annual data,S,"Half-yearly, semesterly",EUR,Euro,EL,Greece,2005-S2,,668,,,,,
dataflow,ESTAT:EARN_MW_CUR(1.0),Monthly minimum wages - bi-annual data,S,"Half-yearly, semesterly",EUR,Euro,EL,Greece,2006-S1,,710,,,,,
dataflow,ESTAT:EARN_MW_CUR(1.0),Monthly minimum wages - bi-annual data,S,"Half-yearly, semesterly",EUR,Euro,EL,Greece,2006-S2,,710,,,,,
dataflow,ESTAT:EARN_MW_CUR(1.0),Monthly minimum wages - bi-annual data,S,"Half-yearly, semesterly",EUR,Euro,EL,Greece,2007-S1,,730,,,,,
dataflow,ESTAT:EARN_MW_CUR(1.0),Monthly minimum wages - bi-annual data,S,"Half-yearly, semesterly",EUR,Euro,EL,Greece,2007-S2,,768,,,,,
dataflow,ESTAT:EARN_MW_CUR(1.0),Monthly minimum wages - bi-annual data,S,"Half-yearly, semesterly",EUR,Euro,EL,Greece,2008-S1,,794,,,,,
dataflow,ESTAT:EARN_MW_CUR(1.0),Monthly minimum wages - bi-annual data,S,"Half-yearly, semesterly",EUR,Euro,EL,Greece,2008-S2,,794,,,,,
dataflow,ESTAT:EARN_MW_CUR(1.0),Monthly minimum wages - bi-annual data,S,"Half-yearly, semesterly",EUR,Euro,EL,Greece,2009-S1,,818,,,,,
dataflow,ESTAT:EARN_MW_CUR(1.0),Monthly minimum wages - bi-annual data,S,"Half-yearly, semesterly",EUR,Euro,EL,Greece,2009-S2,,863,,,,,
dataflow,ESTAT:EARN_MW_CUR(1.0),Monthly minimum wages - bi-annual data,S,"Half-yearly, semesterly",EUR,Euro,EL,Greece,2010-S1,,863,,,,,
dataflow,ESTAT:EARN_MW_CUR(1.0),Monthly minimum wages - bi-annual data,S,"Half-yearly, semesterly",EUR,Euro,EL,Greece,2010-S2,,863,,,,,
dataflow,ESTAT:EARN_MW_CUR(1.0),Monthly minimum wages - bi-annual data,S,"Half-yearly, semesterly",EUR,Euro,EL,Greece,2011-S1,,863,,,,,
dataflow,ESTAT:EARN_MW_CUR(1.0),Monthly minimum wages - bi-annual data,S,"Half-yearly, semesterly",EUR,Euro,EL,Greece,2011-S2,,877,,,,,
dataflow,ESTAT:EARN_MW_CUR(1.0),Monthly minimum wages - bi-annual data,S,"Half-yearly, semesterly",EUR,Euro,EL,Greece,2012-S1,,877,,,,,
dataflow,ESTAT:EARN_MW_CUR(1.0),Monthly minimum wages - bi-annual data,S,"Half-yearly, semesterly",EUR,Euro,EL,Greece,2012-S2,,684,,,,,
dataflow,ESTAT:EARN_MW_CUR(1.0),Monthly minimum wages - bi-annual data,S,"Half-yearly, semesterly",EUR,Euro,EL,Greece,2013-S1,,684,,,,,
dataflow,ESTAT:EARN_MW_CUR(1.0),Monthly minimum wages - bi-annual data,S,"Half-yearly, semesterly",EUR,Euro,EL,Greece,2013-S2,,684,,,,,
dataflow,ESTAT:EARN_MW_CUR(1.0),Monthly minimum wages - bi-annual data,S,"Half-yearly, semesterly",EUR,Euro,EL,Greece,2014-S1,,684,,,,,
dataflow,ESTAT:EARN_MW_CUR(1.0),Monthly minimum wages - bi-annual data,S,"Half-yearly, semesterly",EUR,Euro,EL,Greece,2014-S2,,684,,,,,
dataflow,ESTAT:EARN_MW_CUR(1.0),Monthly minimum wages - bi-annual data,S,"Half-yearly, semesterly",EUR,Euro,EL,Greece,2015-S1,,684,,,,,
dataflow,ESTAT:EARN_MW_CUR(1.0),Monthly minimum wages - bi-annual data,S,"Half-yearly, semesterly",EUR,Euro,EL,Greece,2015-S2,,684,,,,,
dataflow,ESTAT:EARN_MW_CUR(1.0),Monthly minimum wages - bi-annual data,S,"Half-yearly, semesterly",EUR,Euro,EL,Greece,2016-S1,,684,,,,,
dataflow,ESTAT:EARN_MW_CUR(1.0),Monthly minimum wages - bi-annual data,S,"Half-yearly, semesterly",EUR,Euro,EL,Greece,2016-S2,,684,,,,,
dataflow,ESTAT:EARN_MW_CUR(1.0),Monthly minimum wages - bi-annual data,S,"Half-yearly, semesterly",EUR,Euro,EL,Greece,2017-S1,,684,,,,,
dataflow,ESTAT:EARN_MW_CUR(1.0),Monthly minimum wages - bi-annual data,S,"Half-yearly, semesterly",EUR,Euro,EL,Greece,2017-S2,,684,,,,,
dataflow,ESTAT:EARN_MW_CUR(1.0),Monthly minimum wages - bi-annual data,S,"Half-yearly, semesterly",EUR,Euro,EL,Greece,2018-S1,,684,,,,,
dataflow,ESTAT:EARN_MW_CUR(1.0),Monthly minimum wages - bi-annual data,S,"Half-yearly, semesterly",EUR,Euro,EL,Greece,2018-S2,,684,,,,,
dataflow,ESTAT:EARN_MW_CUR(1.0),Monthly minimum wages - bi-annual data,S,"Half-yearly, semesterly",EUR,Euro,EL,Greece,2019-S1,,684,,,,,
dataflow,ESTAT:EARN_MW_CUR(1.0),Monthly minimum wages - bi-annual data,S,"Half-yearly, semesterly",EUR,Euro,EL,Greece,2019-S2,,758,,,,,
dataflow,ESTAT:EARN_MW_CUR(1.0),Monthly minimum wages - bi-annual data,S,"Half-yearly, semesterly",EUR,Euro,EL,Greece,2020-S1,,758,,,,,
dataflow,ESTAT:EARN_MW_CUR(1.0),Monthly minimum wages - bi-annual data,S,"Half-yearly, semesterly",EUR,Euro,EL,Greece,2020-S2,,758,,,,,
dataflow,ESTAT:EARN_MW_CUR(1.0),Monthly minimum wages - bi-annual data,S,"Half-yearly, semesterly",EUR,Euro,EL,Greece,2021-S1,,758,,,,,
dataflow,ESTAT:EARN_MW_CUR(1.0),Monthly minimum wages - bi-annual data,S,"Half-yearly, semesterly",EUR,Euro,EL,Greece,2021-S2,,758,,,,,
dataflow,ESTAT:EARN_MW_CUR(1.0),Monthly minimum wages - bi-annual data,S,"Half-yearly, semesterly",EUR,Euro,EL,Greece,2022-S1,,774,,,,,
dataflow,ESTAT:EARN_MW_CUR(1.0),Monthly minimum wages - bi-annual data,S,"Half-yearly, semesterly",EUR,Euro,EL,Greece,2022-S2,,832,,,,,
dataflow,ESTAT:EARN_MW_CUR(1.0),Monthly minimum wages - bi-annual data,S,"Half-yearly, semesterly",EUR,Euro,EL,Greece,2023-S1,,832,,,,,
dataflow,ESTAT:EARN_MW_CUR(1.0),Monthly minimum wages - bi-annual data,S,"Half-yearly, semesterly",EUR,Euro,EL,Greece,2023-S2,,910,,,,,
dataflow,ESTAT:EARN_MW_CUR(1.0),Monthly minimum wages - bi-annual data,S,"Half-yearly, semesterly",EUR,Euro,EL,Greece,2024-S1,,910,,,,,
dataflow,ESTAT:EARN_MW_CUR(1.0),Monthly minimum wages - bi-annual data,S,"Half-yearly, semesterly",EUR,Euro,EL,Greece,2024-S2,,968,,,,,
dataflow,ESTAT:EARN_MW_CUR(1.0),Monthly minimum wages - bi-annual data,S,"Half-yearly, semesterly",EUR,Euro,EL,Greece,2025-S1,,968,,,,,
dataflow,ESTAT:EARN_MW_CUR(1.0),Monthly minimum wages - bi-annual data,S,"Half-yearly, semesterly",EUR,Euro,EL,Greece,2025-S2,,1027,,,,,
dataflow,ESTAT:EARN_MW_CUR(1.0),Monthly minimum wages - bi-annual data,S,"Half-yearly, semesterly",EUR,Euro,ES,Spain,1999-S1,,486,,,,,
dataflow,ESTAT:EARN_MW_CUR(1.0),Monthly minimum wages - bi-annual data,S,"Half-yearly, semesterly",EUR,Euro,ES,Spain,1999-S2,,486,,,,,
dataflow,ESTAT:EARN_MW_CUR(1.0),Monthly minimum wages - bi-annual data,S,"Half-yearly, semesterly",EUR,Euro,ES,Spain,2000-S1,,496,,,,,
dataflow,ESTAT:EARN_MW_CUR(1.0),Monthly minimum wages - bi-annual data,S,"Half-yearly, semesterly",EUR,Euro,ES,Spain,2000-S2,,496,,,,,
dataflow,ESTAT:EARN_MW_CUR(1.0),Monthly minimum wages - bi-annual data,S,"Half-yearly, semesterly",EUR,Euro,ES,Spain,2001-S1,,506,,,,,
dataflow,ESTAT:EARN_MW_CUR(1.0),Monthly minimum wages - bi-annual data,S,"Half-yearly, semesterly",EUR,Euro,ES,Spain,2001-S2,,506,,,,,
dataflow,ESTAT:EARN_MW_CUR(1.0),Monthly minimum wages - bi-annual data,S,"Half-yearly, semesterly",EUR,Euro,ES,Spain,2002-S1,,516,,,,,
dataflow,ESTAT:EARN_MW_CUR(1.0),Monthly minimum wages - bi-annual data,S,"Half-yearly, semesterly",EUR,Euro,ES,Spain,2002-S2,,516,,,,,
dataflow,ESTAT:EARN_MW_CUR(1.0),Monthly minimum wages - bi-annual data,S,"Half-yearly, semesterly",EUR,Euro,ES,Spain,2003-S1,,526,,,,,
dataflow,ESTAT:EARN_MW_CUR(1.0),Monthly minimum wages - bi-annual data,S,"Half-yearly, semesterly",EUR,Euro,ES,Spain,2003-S2,,526,,,,,
dataflow,ESTAT:EARN_MW_CUR(1.0),Monthly minimum wages - bi-annual data,S,"Half-yearly, semesterly",EUR,Euro,ES,Spain,2004-S1,,537,,,,,
dataflow,ESTAT:EARN_MW_CUR(1.0),Monthly minimum wages - bi-annual data,S,"Half-yearly, semesterly",EUR,Euro,ES,Spain,2004-S2,,573,,,,,
dataflow,ESTAT:EARN_MW_CUR(1.0),Monthly minimum wages - bi-annual data,S,"Half-yearly, semesterly",EUR,Euro,ES,Spain,2005-S1,,599,,,,,
dataflow,ESTAT:EARN_MW_CUR(1.0),Monthly minimum wages - bi-annual data,S,"Half-yearly, semesterly",EUR,Euro,ES,Spain,2005-S2,,599,,,,,
dataflow,ESTAT:EARN_MW_CUR(1.0),Monthly minimum wages - bi-annual data,S,"Half-yearly, semesterly",EUR,Euro,ES,Spain,2006-S1,,631,,,,,
dataflow,ESTAT:EARN_MW_CUR(1.0),Monthly minimum wages - bi-annual data,S,"Half-yearly, semesterly",EUR,Euro,ES,Spain,2006-S2,,631,,,,,
dataflow,ESTAT:EARN_MW_CUR(1.0),Monthly minimum wages - bi-annual data,S,"Half-yearly, semesterly",EUR,Euro,ES,Spain,2007-S1,,666,,,,,
dataflow,ESTAT:EARN_MW_CUR(1.0),Monthly minimum wages - bi-annual data,S,"Half-yearly, semesterly",EUR,Euro,ES,Spain,2007-S2,,666,,,,,
dataflow,ESTAT:EARN_MW_CUR(1.0),Monthly minimum wages - bi-annual data,S,"Half-yearly, semesterly",EUR,Euro,ES,Spain,2008-S1,,700,,,,,
dataflow,ESTAT:EARN_MW_CUR(1.0),Monthly minimum wages - bi-annual data,S,"Half-yearly, semesterly",EUR,Euro,ES,Spain,2008-S2,,700,,,,,
dataflow,ESTAT:EARN_MW_CUR(1.0),Monthly minimum wages - bi-annual data,S,"Half-yearly, semesterly",EUR,Euro,ES,Spain,2009-S1,,728,,,,,
dataflow,ESTAT:EARN_MW_CUR(1.0),Monthly minimum wages - bi-annual data,S,"Half-yearly, semesterly",EUR,Euro,ES,Spain,2009-S2,,728,,,,,
dataflow,ESTAT:EARN_MW_CUR(1.0),Monthly minimum wages - bi-annual data,S,"Half-yearly, semesterly",EUR,Euro,ES,Spain,2010-S1,,739,,,,,
dataflow,ESTAT:EARN_MW_CUR(1.0),Monthly minimum wages - bi-annual data,S,"Half-yearly, semesterly",EUR,Euro,ES,Spain,2010-S2,,739,,,,,
dataflow,ESTAT:EARN_MW_CUR(1.0),Monthly minimum wages - bi-annual data,S,"Half-yearly, semesterly",EUR,Euro,ES,Spain,2011-S1,,748,,,,,
dataflow,ESTAT:EARN_MW_CUR(1.0),Monthly minimum wages - bi-annual data,S,"Half-yearly, semesterly",EUR,Euro,ES,Spain,2011-S2,,748,,,,,
dataflow,ESTAT:EARN_MW_CUR(1.0),Monthly minimum wages - bi-annual data,S,"Half-yearly, semesterly",EUR,Euro,ES,Spain,2012-S1,,748,,,,,
dataflow,ESTAT:EARN_MW_CUR(1.0),Monthly minimum wages - bi-annual data,S,"Half-yearly, semesterly",EUR,Euro,ES,Spain,2012-S2,,748,,,,,
dataflow,ESTAT:EARN_MW_CUR(1.0),Monthly minimum wages - bi-annual data,S,"Half-yearly, semesterly",EUR,Euro,ES,Spain,2013-S1,,753,,,,,
dataflow,ESTAT:EARN_MW_CUR(1.0),Monthly minimum wages - bi-annual data,S,"Half-yearly, semesterly",EUR,Euro,ES,Spain,2013-S2,,753,,,,,
dataflow,ESTAT:EARN_MW_CUR(1.0),Monthly minimum wages - bi-annual data,S,"Half-yearly, semesterly",EUR,Euro,ES,Spain,2014-S1,,753,,,,,
dataflow,ESTAT:EARN_MW_CUR(1.0),Monthly minimum wages - bi-annual data,S,"Half-yearly, semesterly",EUR,Euro,ES,Spain,2014-S2,,753,,,,,
dataflow,ESTAT:EARN_MW_CUR(1.0),Monthly minimum wages - bi-annual data,S,"Half-yearly, semesterly",EUR,Euro,ES,Spain,2015-S1,,757,,,,,
dataflow,ESTAT:EARN_MW_CUR(1.0),Monthly minimum wages - bi-annual data,S,"Half-yearly, semesterly",EUR,Euro,ES,Spain,2015-S2,,757,,,,,
dataflow,ESTAT:EARN_MW_CUR(1.0),Monthly minimum wages - bi-annual data,S,"Half-yearly, semesterly",EUR,Euro,ES,Spain,2016-S1,,764,,,,,
dataflow,ESTAT:EARN_MW_CUR(1.0),Monthly minimum wages - bi-annual data,S,"Half-yearly, semesterly",EUR,Euro,ES,Spain,2016-S2,,764,,,,,
dataflow,ESTAT:EARN_MW_CUR(1.0),Monthly minimum wages - bi-annual data,S,"Half-yearly, semesterly",EUR,Euro,ES,Spain,2017-S1,,826,,,,,
dataflow,ESTAT:EARN_MW_CUR(1.0),Monthly minimum wages - bi-annual data,S,"Half-yearly, semesterly",EUR,Euro,ES,Spain,2017-S2,,826,,,,,
dataflow,ESTAT:EARN_MW_CUR(1.0),Monthly minimum wages - bi-annual data,S,"Half-yearly, semesterly",EUR,Euro,ES,Spain,2018-S1,,859,,,,,
dataflow,ESTAT:EARN_MW_CUR(1.0),Monthly minimum wages - bi-annual data,S,"Half-yearly, semesterly",EUR,Euro,ES,Spain,2018-S2,,859,,,,,
dataflow,ESTAT:EARN_MW_CUR(1.0),Monthly minimum wages - bi-annual data,S,"Half-yearly, semesterly",EUR,Euro,ES,Spain,2019-S1,,1050,,,,,
dataflow,ESTAT:EARN_MW_CUR(1.0),Monthly minimum wages - bi-annual data,S,"Half-yearly, semesterly",EUR,Euro,ES,Spain,2019-S2,,1050,,,,,
dataflow,ESTAT:EARN_MW_CUR(1.0),Monthly minimum wages - bi-annual data,S,"Half-yearly, semesterly",EUR,Euro,ES,Spain,2020-S1,,1108,,,,,
dataflow,ESTAT:EARN_MW_CUR(1.0),Monthly minimum wages - bi-annual data,S,"Half-yearly, semesterly",EUR,Euro,ES,Spain,2020-S2,,1108,,,,,
dataflow,ESTAT:EARN_MW_CUR(1.0),Monthly minimum wages - bi-annual data,S,"Half-yearly, semesterly",EUR,Euro,ES,Spain,2021-S1,,1108,,,,,
dataflow,ESTAT:EARN_MW_CUR(1.0),Monthly minimum wages - bi-annual data,S,"Half-yearly, semesterly",EUR,Euro,ES,Spain,2021-S2,,1108,,,,,
dataflow,ESTAT:EARN_MW_CUR(1.0),Monthly minimum wages - bi-annual data,S,"Half-yearly, semesterly",EUR,Euro,ES,Spain,2022-S1,,1126,,,,,
dataflow,ESTAT:EARN_MW_CUR(1.0),Monthly minimum wages - bi-annual data,S,"Half-yearly, semesterly",EUR,Euro,ES,Spain,2022-S2,,1167,,,,,
dataflow,ESTAT:EARN_MW_CUR(1.0),Monthly minimum wages - bi-annual data,S,"Half-yearly, semesterly",EUR,Euro,ES,Spain,2023-S1,,1167,,,,,
dataflow,ESTAT:EARN_MW_CUR(1.0),Monthly minimum wages - bi-annual data,S,"Half-yearly, semesterly",EUR,Euro,ES,Spain,2023-S2,,1260,,,,,
dataflow,ESTAT:EARN_MW_CUR(1.0),Monthly minimum wages - bi-annual data,S,"Half-yearly, semesterly",EUR,Euro,ES,Spain,2024-S1,,1323,,,,,
dataflow,ESTAT:EARN_MW_CUR(1.0),Monthly minimum wages - bi-annual data,S,"Half-yearly, semesterly",EUR,Euro,ES,Spain,2024-S2,,1323,,,,,
dataflow,ESTAT:EARN_MW_CUR(1.0),Monthly minimum wages - bi-annual data,S,"Half-yearly, semesterly",EUR,Euro,ES,Spain,2025-S1,,1381,,,,,
dataflow,ESTAT:EARN_MW_CUR(1.0),Monthly minimum wages - bi-annual data,S,"Half-yearly, semesterly",EUR,Euro,ES,Spain,2025-S2,,1381,,,,,
dataflow,ESTAT:EARN_MW_CUR(1.0),Monthly minimum wages - bi-annual data,S,"Half-yearly, semesterly",EUR,Euro,FR,France,1999-S1,,1036,,,,,
dataflow,ESTAT:EARN_MW_CUR(1.0),Monthly minimum wages - bi-annual data,S,"Half-yearly, semesterly",EUR,Euro,FR,France,1999-S2,,1049,,,,,
dataflow,ESTAT:EARN_MW_CUR(1.0),Monthly minimum wages - bi-annual data,S,"Half-yearly, semesterly",EUR,Euro,FR,France,2000-S1,,1049,,,,,
dataflow,ESTAT:EARN_MW_CUR(1.0),Monthly minimum wages - bi-annual data,S,"Half-yearly, semesterly",EUR,Euro,FR,France,2000-S2,,1083,,,,,
dataflow,ESTAT:EARN_MW_CUR(1.0),Monthly minimum wages - bi-annual data,S,"Half-yearly, semesterly",EUR,Euro,FR,France,2001-S1,,1083,,,,,
dataflow,ESTAT:EARN_MW_CUR(1.0),Monthly minimum wages - bi-annual data,S,"Half-yearly, semesterly",EUR,Euro,FR,France,2001-S2,,1127,,,,,
dataflow,ESTAT:EARN_MW_CUR(1.0),Monthly minimum wages - bi-annual data,S,"Half-yearly, semesterly",EUR,Euro,FR,France,2002-S1,,1127,,,,,
dataflow,ESTAT:EARN_MW_CUR(1.0),Monthly minimum wages - bi-annual data,S,"Half-yearly, semesterly",EUR,Euro,FR,France,2002-S2,,1154,,,,,
dataflow,ESTAT:EARN_MW_CUR(1.0),Monthly minimum wages - bi-annual data,S,"Half-yearly, semesterly",EUR,Euro,FR,France,2003-S1,,1154,,,,,
dataflow,ESTAT:EARN_MW_CUR(1.0),Monthly minimum wages - bi-annual data,S,"Half-yearly, semesterly",EUR,Euro,FR,France,2003-S2,,1215,,,,,
dataflow,ESTAT:EARN_MW_CUR(1.0),Monthly minimum wages - bi-annual data,S,"Half-yearly, semesterly",EUR,Euro,FR,France,2004-S1,,1215,,,,,
dataflow,ESTAT:EARN_MW_CUR(1.0),Monthly minimum wages - bi-annual data,S,"Half-yearly, semesterly",EUR,Euro,FR,France,2004-S2,,1286,,,,,
dataflow,ESTAT:EARN_MW_CUR(1.0),Monthly minimum wages - bi-annual data,S,"Half-yearly, semesterly",EUR,Euro,FR,France,2005-S1,,1286,,,,,
dataflow,ESTAT:EARN_MW_CUR(1.0),Monthly minimum wages - bi-annual data,S,"Half-yearly, semesterly",EUR,Euro,FR,France,2005-S2,,1218,,,,,
dataflow,ESTAT:EARN_MW_CUR(1.0),Monthly minimum wages - bi-annual data,S,"Half-yearly, semesterly",EUR,Euro,FR,France,2006-S1,,1218,,,,,
dataflow,ESTAT:EARN_MW_CUR(1.0),Monthly minimum wages - bi-annual data,S,"Half-yearly, semesterly",EUR,Euro,FR,France,2006-S2,,1254,,,,,
dataflow,ESTAT:EARN_MW_CUR(1.0),Monthly minimum wages - bi-annual data,S,"Half-yearly, semesterly",EUR,Euro,FR,France,2007-S1,,1254,,,,,
dataflow,ESTAT:EARN_MW_CUR(1.0),Monthly minimum wages - bi-annual data,S,"Half-yearly, semesterly",EUR,Euro,FR,France,2007-S2,,1280,,,,,
dataflow,ESTAT:EARN_MW_CUR(1.0),Monthly minimum wages - bi-annual data,S,"Half-yearly, semesterly",EUR,Euro,FR,France,2008-S1,,1280,,,,,
dataflow,ESTAT:EARN_MW_CUR(1.0),Monthly minimum wages - bi-annual data,S,"Half-yearly, semesterly",EUR,Euro,FR,France,2008-S2,,1321,,,,,
dataflow,ESTAT:EARN_MW_CUR(1.0),Monthly minimum wages - bi-annual data,S,"Half-yearly, semesterly",EUR,Euro,FR,France,2009-S1,,1321,,,,,
dataflow,ESTAT:EARN_MW_CUR(1.0),Monthly minimum wages - bi-annual data,S,"Half-yearly, semesterly",EUR,Euro,FR,France,2009-S2,,1338,,,,,
dataflow,ESTAT:EARN_MW_CUR(1.0),Monthly minimum wages - bi-annual data,S,"Half-yearly, semesterly",EUR,Euro,FR,France,2010-S1,,1344,,,,,
dataflow,ESTAT:EARN_MW_CUR(1.0),Monthly minimum wages - bi-annual data,S,"Half-yearly, semesterly",EUR,Euro,FR,France,2010-S2,,1344,,,,,
dataflow,ESTAT:EARN_MW_CUR(1.0),Monthly minimum wages - bi-annual data,S,"Half-yearly, semesterly",EUR,Euro,FR,France,2011-S1,,1365,,,,,
dataflow,ESTAT:EARN_MW_CUR(1.0),Monthly minimum wages - bi-annual data,S,"Half-yearly, semesterly",EUR,Euro,FR,France,2011-S2,,1365,,,,,
dataflow,ESTAT:EARN_MW_CUR(1.0),Monthly minimum wages - bi-annual data,S,"Half-yearly, semesterly",EUR,Euro,FR,France,2012-S1,,1398,,,,,
dataflow,ESTAT:EARN_MW_CUR(1.0),Monthly minimum wages - bi-annual data,S,"Half-yearly, semesterly",EUR,Euro,FR,France,2012-S2,,1426,,,,,
dataflow,ESTAT:EARN_MW_CUR(1.0),Monthly minimum wages - bi-annual data,S,"Half-yearly, semesterly",EUR,Euro,FR,France,2013-S1,,1430,,,,,
dataflow,ESTAT:EARN_MW_CUR(1.0),Monthly minimum wages - bi-annual data,S,"Half-yearly, semesterly",EUR,Euro,FR,France,2013-S2,,1430,,,,,
dataflow,ESTAT:EARN_MW_CUR(1.0),Monthly minimum wages - bi-annual data,S,"Half-yearly, semesterly",EUR,Euro,FR,France,2014-S1,,1445,,,,,
dataflow,ESTAT:EARN_MW_CUR(1.0),Monthly minimum wages - bi-annual data,S,"Half-yearly, semesterly",EUR,Euro,FR,France,2014-S2,,1445,,,,,
dataflow,ESTAT:EARN_MW_CUR(1.0),Monthly minimum wages - bi-annual data,S,"Half-yearly, semesterly",EUR,Euro,FR,France,2015-S1,,1458,,,,,
dataflow,ESTAT:EARN_MW_CUR(1.0),Monthly minimum wages - bi-annual data,S,"Half-yearly, semesterly",EUR,Euro,FR,France,2015-S2,,1458,,,,,
dataflow,ESTAT:EARN_MW_CUR(1.0),Monthly minimum wages - bi-annual data,S,"Half-yearly, semesterly",EUR,Euro,FR,France,2016-S1,,1467,,,,,
dataflow,ESTAT:EARN_MW_CUR(1.0),Monthly minimum wages - bi-annual data,S,"Half-yearly, semesterly",EUR,Euro,FR,France,2016-S2,,1467,,,,,
dataflow,ESTAT:EARN_MW_CUR(1.0),Monthly minimum wages - bi-annual data,S,"Half-yearly, semesterly",EUR,Euro,FR,France,2017-S1,,1480,,,,,
dataflow,ESTAT:EARN_MW_CUR(1.0),Monthly minimum wages - bi-annual data,S,"Half-yearly, semesterly",EUR,Euro,FR,France,2017-S2,,1480,,,,,
dataflow,ESTAT:EARN_MW_CUR(1.0),Monthly minimum wages - bi-annual data,S,"Half-yearly, semesterly",EUR,Euro,FR,France,2018-S1,,1498,,,,,
dataflow,ESTAT:EARN_MW_CUR(1.0),Monthly minimum wages - bi-annual data,S,"Half-yearly, semesterly",EUR,Euro,FR,France,2018-S2,,1498,,,,,
dataflow,ESTAT:EARN_MW_CUR(1.0),Monthly minimum wages - bi-annual data,S,"Half-yearly, semesterly",EUR,Euro,FR,France,2019-S1,,1521,,,,,
dataflow,ESTAT:EARN_MW_CUR(1.0),Monthly minimum wages - bi-annual data,S,"Half-yearly, semesterly",EUR,Euro,FR,France,2019-S2,,1521,,,,,
dataflow,ESTAT:EARN_MW_CUR(1.0),Monthly minimum wages - bi-annual data,S,"Half-yearly, semesterly",EUR,Euro,FR,France,2020-S1,,1539,,,,,
dataflow,ESTAT:EARN_MW_CUR(1.0),Monthly minimum wages - bi-annual data,S,"Half-yearly, semesterly",EUR,Euro,FR,France,2020-S2,,1539,,,,,
dataflow,ESTAT:EARN_MW_CUR(1.0),Monthly minimum wages - bi-annual data,S,"Half-yearly, semesterly",EUR,Euro,FR,France,2021-S1,,1555,,,,,
dataflow,ESTAT:EARN_MW_CUR(1.0),Monthly minimum wages - bi-annual data,S,"Half-yearly, semesterly",EUR,Euro,FR,France,2021-S2,,1555,,,,,
dataflow,ESTAT:EARN_MW_CUR(1.0),Monthly minimum wages - bi-annual data,S,"Half-yearly, semesterly",EUR,Euro,FR,France,2022-S1,,1603,,,,,
dataflow,ESTAT:EARN_MW_CUR(1.0),Monthly minimum wages - bi-annual data,S,"Half-yearly, semesterly",EUR,Euro,FR,France,2022-S2,,1646,,,,,
dataflow,ESTAT:EARN_MW_CUR(1.0),Monthly minimum wages - bi-annual data,S,"Half-yearly, semesterly",EUR,Euro,FR,France,2023-S1,,1709,,,,,
dataflow,ESTAT:EARN_MW_CUR(1.0),Monthly minimum wages - bi-annual data,S,"Half-yearly, semesterly",EUR,Euro,FR,France,2023-S2,,1747,,,,,
dataflow,ESTAT:EARN_MW_CUR(1.0),Monthly minimum wages - bi-annual data,S,"Half-yearly, semesterly",EUR,Euro,FR,France,2024-S1,,1767,,,,,
dataflow,ESTAT:EARN_MW_CUR(1.0),Monthly minimum wages - bi-annual data,S,"Half-yearly, semesterly",EUR,Euro,FR,France,2024-S2,,1767,,,,,
dataflow,ESTAT:EARN_MW_CUR(1.0),Monthly minimum wages - bi-annual data,S,"Half-yearly, semesterly",EUR,Euro,FR,France,2025-S1,,1802,,,,,
dataflow,ESTAT:EARN_MW_CUR(1.0),Monthly minimum wages - bi-annual data,S,"Half-yearly, semesterly",EUR,Euro,FR,France,2025-S2,,1802,,,,,
dataflow,ESTAT:EARN_MW_CUR(1.0),Monthly minimum wages - bi-annual data,S,"Half-yearly, semesterly",EUR,Euro,HR,Croatia,1999-S1,,,,m,missing value; data cannot exist,,
dataflow,ESTAT:EARN_MW_CUR(1.0),Monthly minimum wages - bi-annual data,S,"Half-yearly, semesterly",EUR,Euro,HR,Croatia,1999-S2,,,,m,missing value; data cannot exist,,
dataflow,ESTAT:EARN_MW_CUR(1.0),Monthly minimum wages - bi-annual data,S,"Half-yearly, semesterly",EUR,Euro,HR,Croatia,2000-S1,,,,m,missing value; data cannot exist,,
dataflow,ESTAT:EARN_MW_CUR(1.0),Monthly minimum wages - bi-annual data,S,"Half-yearly, semesterly",EUR,Euro,HR,Croatia,2000-S2,,,,m,missing value; data cannot exist,,
dataflow,ESTAT:EARN_MW_CUR(1.0),Monthly minimum wages - bi-annual data,S,"Half-yearly, semesterly",EUR,Euro,HR,Croatia,2001-S1,,,,m,missing value; data cannot exist,,
dataflow,ESTAT:EARN_MW_CUR(1.0),Monthly minimum wages - bi-annual data,S,"Half-yearly, semesterly",EUR,Euro,HR,Croatia,2001-S2,,,,m,missing value; data cannot exist,,
dataflow,ESTAT:EARN_MW_CUR(1.0),Monthly minimum wages - bi-annual data,S,"Half-yearly, semesterly",EUR,Euro,HR,Croatia,2002-S1,,,,m,missing value; data cannot exist,,
dataflow,ESTAT:EARN_MW_CUR(1.0),Monthly minimum wages - bi-annual data,S,"Half-yearly, semesterly",EUR,Euro,HR,Croatia,2002-S2,,,,m,missing value; data cannot exist,,
dataflow,ESTAT:EARN_MW_CUR(1.0),Monthly minimum wages - bi-annual data,S,"Half-yearly, semesterly",EUR,Euro,HR,Croatia,2003-S1,,,,m,missing value; data cannot exist,,
dataflow,ESTAT:EARN_MW_CUR(1.0),Monthly minimum wages - bi-annual data,S,"Half-yearly, semesterly",EUR,Euro,HR,Croatia,2003-S2,,,,m,missing value; data cannot exist,,
dataflow,ESTAT:EARN_MW_CUR(1.0),Monthly minimum wages - bi-annual data,S,"Half-yearly, semesterly",EUR,Euro,HR,Croatia,2004-S1,,,,m,missing value; data cannot exist,,
dataflow,ESTAT:EARN_MW_CUR(1.0),Monthly minimum wages - bi-annual data,S,"Half-yearly, semesterly",EUR,Euro,HR,Croatia,2004-S2,,,,m,missing value; data cannot exist,,
dataflow,ESTAT:EARN_MW_CUR(1.0),Monthly minimum wages - bi-annual data,S,"Half-yearly, semesterly",EUR,Euro,HR,Croatia,2005-S1,,,,m,missing value; data cannot exist,,
dataflow,ESTAT:EARN_MW_CUR(1.0),Monthly minimum wages - bi-annual data,S,"Half-yearly, semesterly",EUR,Euro,HR,Croatia,2005-S2,,,,m,missing value; data cannot exist,,
dataflow,ESTAT:EARN_MW_CUR(1.0),Monthly minimum wages - bi-annual data,S,"Half-yearly, semesterly",EUR,Euro,HR,Croatia,2006-S1,,,,m,missing value; data cannot exist,,
dataflow,ESTAT:EARN_MW_CUR(1.0),Monthly minimum wages - bi-annual data,S,"Half-yearly, semesterly",EUR,Euro,HR,Croatia,2006-S2,,,,m,missing value; data cannot exist,,
dataflow,ESTAT:EARN_MW_CUR(1.0),Monthly minimum wages - bi-annual data,S,"Half-yearly, semesterly",EUR,Euro,HR,Croatia,2007-S1,,,,m,missing value; data cannot exist,,
dataflow,ESTAT:EARN_MW_CUR(1.0),Monthly minimum wages - bi-annual data,S,"Half-yearly, semesterly",EUR,Euro,HR,Croatia,2007-S2,,,,m,missing value; data cannot exist,,
dataflow,ESTAT:EARN_MW_CUR(1.0),Monthly minimum wages - bi-annual data,S,"Half-yearly, semesterly",EUR,Euro,HR,Croatia,2008-S1,,,,m,missing value; data cannot exist,,
dataflow,ESTAT:EARN_MW_CUR(1.0),Monthly minimum wages - bi-annual data,S,"Half-yearly, semesterly",EUR,Euro,HR,Croatia,2008-S2,,380,,,,,
dataflow,ESTAT:EARN_MW_CUR(1.0),Monthly minimum wages - bi-annual data,S,"Half-yearly, semesterly",EUR,Euro,HR,Croatia,2009-S1,,373,,,,,
dataflow,ESTAT:EARN_MW_CUR(1.0),Monthly minimum wages - bi-annual data,S,"Half-yearly, semesterly",EUR,Euro,HR,Croatia,2009-S2,,387,,,,,
dataflow,ESTAT:EARN_MW_CUR(1.0),Monthly minimum wages - bi-annual data,S,"Half-yearly, semesterly",EUR,Euro,HR,Croatia,2010-S1,,385,,,,,
dataflow,ESTAT:EARN_MW_CUR(1.0),Monthly minimum wages - bi-annual data,S,"Half-yearly, semesterly",EUR,Euro,HR,Croatia,2010-S2,,391,,,,,
dataflow,ESTAT:EARN_MW_CUR(1.0),Monthly minimum wages - bi-annual data,S,"Half-yearly, semesterly",EUR,Euro,HR,Croatia,2011-S1,,381,,,,,
dataflow,ESTAT:EARN_MW_CUR(1.0),Monthly minimum wages - bi-annual data,S,"Half-yearly, semesterly",EUR,Euro,HR,Croatia,2011-S2,,380,,,,,
dataflow,ESTAT:EARN_MW_CUR(1.0),Monthly minimum wages - bi-annual data,S,"Half-yearly, semesterly",EUR,Euro,HR,Croatia,2012-S1,,373,,,,,
dataflow,ESTAT:EARN_MW_CUR(1.0),Monthly minimum wages - bi-annual data,S,"Half-yearly, semesterly",EUR,Euro,HR,Croatia,2012-S2,,374,,,,,
dataflow,ESTAT:EARN_MW_CUR(1.0),Monthly minimum wages - bi-annual data,S,"Half-yearly, semesterly",EUR,Euro,HR,Croatia,2013-S1,,372,,,,,
dataflow,ESTAT:EARN_MW_CUR(1.0),Monthly minimum wages - bi-annual data,S,"Half-yearly, semesterly",EUR,Euro,HR,Croatia,2013-S2,,401,,,,,
dataflow,ESTAT:EARN_MW_CUR(1.0),Monthly minimum wages - bi-annual data,S,"Half-yearly, semesterly",EUR,Euro,HR,Croatia,2014-S1,,396,,,,,
dataflow,ESTAT:EARN_MW_CUR(1.0),Monthly minimum wages - bi-annual data,S,"Half-yearly, semesterly",EUR,Euro,HR,Croatia,2014-S2,,398,,,,,
dataflow,ESTAT:EARN_MW_CUR(1.0),Monthly minimum wages - bi-annual data,S,"Half-yearly, semesterly",EUR,Euro,HR,Croatia,2015-S1,,396,,,,,
dataflow,ESTAT:EARN_MW_CUR(1.0),Monthly minimum wages - bi-annual data,S,"Half-yearly, semesterly",EUR,Euro,HR,Croatia,2015-S2,,399,,,,,
dataflow,ESTAT:EARN_MW_CUR(1.0),Monthly minimum wages - bi-annual data,S,"Half-yearly, semesterly",EUR,Euro,HR,Croatia,2016-S1,,408,,,,,
dataflow,ESTAT:EARN_MW_CUR(1.0),Monthly minimum wages - bi-annual data,S,"Half-yearly, semesterly",EUR,Euro,HR,Croatia,2016-S2,,414,,,,,
dataflow,ESTAT:EARN_MW_CUR(1.0),Monthly minimum wages - bi-annual data,S,"Half-yearly, semesterly",EUR,Euro,HR,Croatia,2017-S1,,433,,,,,
dataflow,ESTAT:EARN_MW_CUR(1.0),Monthly minimum wages - bi-annual data,S,"Half-yearly, semesterly",EUR,Euro,HR,Croatia,2017-S2,,442,,,,,
dataflow,ESTAT:EARN_MW_CUR(1.0),Monthly minimum wages - bi-annual data,S,"Half-yearly, semesterly",EUR,Euro,HR,Croatia,2018-S1,,462,,,,,
dataflow,ESTAT:EARN_MW_CUR(1.0),Monthly minimum wages - bi-annual data,S,"Half-yearly, semesterly",EUR,Euro,HR,Croatia,2018-S2,,466,,,,,
dataflow,ESTAT:EARN_MW_CUR(1.0),Monthly minimum wages - bi-annual data,S,"Half-yearly, semesterly",EUR,Euro,HR,Croatia,2019-S1,,506,,,,,
dataflow,ESTAT:EARN_MW_CUR(1.0),Monthly minimum wages - bi-annual data,S,"Half-yearly, semesterly",EUR,Euro,HR,Croatia,2019-S2,,507,,,,,
dataflow,ESTAT:EARN_MW_CUR(1.0),Monthly minimum wages - bi-annual data,S,"Half-yearly, semesterly",EUR,Euro,HR,Croatia,2020-S1,,546,,,,,
dataflow,ESTAT:EARN_MW_CUR(1.0),Monthly minimum wages - bi-annual data,S,"Half-yearly, semesterly",EUR,Euro,HR,Croatia,2020-S2,,546,,,,,
dataflow,ESTAT:EARN_MW_CUR(1.0),Monthly minimum wages - bi-annual data,S,"Half-yearly, semesterly",EUR,Euro,HR,Croatia,2021-S1,,563,,,,,
dataflow,ESTAT:EARN_MW_CUR(1.0),Monthly minimum wages - bi-annual data,S,"Half-yearly, semesterly",EUR,Euro,HR,Croatia,2021-S2,,567,,,,,
dataflow,ESTAT:EARN_MW_CUR(1.0),Monthly minimum wages - bi-annual data,S,"Half-yearly, semesterly",EUR,Euro,HR,Croatia,2022-S1,,624,,,,,
dataflow,ESTAT:EARN_MW_CUR(1.0),Monthly minimum wages - bi-annual data,S,"Half-yearly, semesterly",EUR,Euro,HR,Croatia,2022-S2,,622,,,,,
dataflow,ESTAT:EARN_MW_CUR(1.0),Monthly minimum wages - bi-annual data,S,"Half-yearly, semesterly",EUR,Euro,HR,Croatia,2023-S1,,700,,,,,
dataflow,ESTAT:EARN_MW_CUR(1.0),Monthly minimum wages - bi-annual data,S,"Half-yearly, semesterly",EUR,Euro,HR,Croatia,2023-S2,,700,,,,,
dataflow,ESTAT:EARN_MW_CUR(1.0),Monthly minimum wages - bi-annual data,S,"Half-yearly, semesterly",EUR,Euro,HR,Croatia,2024-S1,,840,,,,,
dataflow,ESTAT:EARN_MW_CUR(1.0),Monthly minimum wages - bi-annual data,S,"Half-yearly, semesterly",EUR,Euro,HR,Croatia,2024-S2,,840,,,,,
dataflow,ESTAT:EARN_MW_CUR(1.0),Monthly minimum wages - bi-annual data,S,"Half-yearly, semesterly",EUR,Euro,HR,Croatia,2025-S1,,970,,,,,
dataflow,ESTAT:EARN_MW_CUR(1.0),Monthly minimum wages - bi-annual data,S,"Half-yearly, semesterly",EUR,Euro,HR,Croatia,2025-S2,,970,,,,,
dataflow,ESTAT:EARN_MW_CUR(1.0),Monthly minimum wages - bi-annual data,S,"Half-yearly, semesterly",EUR,Euro,HU,Hungary,1999-S1,,89,,,,,
dataflow,ESTAT:EARN_MW_CUR(1.0),Monthly minimum wages - bi-annual data,S,"Half-yearly, semesterly",EUR,Euro,HU,Hungary,1999-S2,,90,,,,,
dataflow,ESTAT:EARN_MW_CUR(1.0),Monthly minimum wages - bi-annual data,S,"Half-yearly, semesterly",EUR,Euro,HU,Hungary,2000-S1,,100,,,,,
dataflow,ESTAT:EARN_MW_CUR(1.0),Monthly minimum wages - bi-annual data,S,"Half-yearly, semesterly",EUR,Euro,HU,Hungary,2000-S2,,98,,,,,
dataflow,ESTAT:EARN_MW_CUR(1.0),Monthly minimum wages - bi-annual data,S,"Half-yearly, semesterly",EUR,Euro,HU,Hungary,2001-S1,,151,,,,,
dataflow,ESTAT:EARN_MW_CUR(1.0),Monthly minimum wages - bi-annual data,S,"Half-yearly, semesterly",EUR,Euro,HU,Hungary,2001-S2,,164,,,,,
dataflow,ESTAT:EARN_MW_CUR(1.0),Monthly minimum wages - bi-annual data,S,"Half-yearly, semesterly",EUR,Euro,HU,Hungary,2002-S1,,204,,,,,
dataflow,ESTAT:EARN_MW_CUR(1.0),Monthly minimum wages - bi-annual data,S,"Half-yearly, semesterly",EUR,Euro,HU,Hungary,2002-S2,,204,,,,,
dataflow,ESTAT:EARN_MW_CUR(1.0),Monthly minimum wages - bi-annual data,S,"Half-yearly, semesterly",EUR,Euro,HU,Hungary,2003-S1,,212,,,,,
dataflow,ESTAT:EARN_MW_CUR(1.0),Monthly minimum wages - bi-annual data,S,"Half-yearly, semesterly",EUR,Euro,HU,Hungary,2003-S2,,188,,,,,
dataflow,ESTAT:EARN_MW_CUR(1.0),Monthly minimum wages - bi-annual data,S,"Half-yearly, semesterly",EUR,Euro,HU,Hungary,2004-S1,,202,,,,,
dataflow,ESTAT:EARN_MW_CUR(1.0),Monthly minimum wages - bi-annual data,S,"Half-yearly, semesterly",EUR,Euro,HU,Hungary,2004-S2,,211,,,,,
dataflow,ESTAT:EARN_MW_CUR(1.0),Monthly minimum wages - bi-annual data,S,"Half-yearly, semesterly",EUR,Euro,HU,Hungary,2005-S1,,232,,,,,
dataflow,ESTAT:EARN_MW_CUR(1.0),Monthly minimum wages - bi-annual data,S,"Half-yearly, semesterly",EUR,Euro,HU,Hungary,2005-S2,,231,,,,,
dataflow,ESTAT:EARN_MW_CUR(1.0),Monthly minimum wages - bi-annual data,S,"Half-yearly, semesterly",EUR,Euro,HU,Hungary,2006-S1,,247,,,,,
dataflow,ESTAT:EARN_MW_CUR(1.0),Monthly minimum wages - bi-annual data,S,"Half-yearly, semesterly",EUR,Euro,HU,Hungary,2006-S2,,221,,,,,
dataflow,ESTAT:EARN_MW_CUR(1.0),Monthly minimum wages - bi-annual data,S,"Half-yearly, semesterly",EUR,Euro,HU,Hungary,2007-S1,,260,,,,,
dataflow,ESTAT:EARN_MW_CUR(1.0),Monthly minimum wages - bi-annual data,S,"Half-yearly, semesterly",EUR,Euro,HU,Hungary,2007-S2,,266,,,,,
dataflow,ESTAT:EARN_MW_CUR(1.0),Monthly minimum wages - bi-annual data,S,"Half-yearly, semesterly",EUR,Euro,HU,Hungary,2008-S1,,272,,,,,
dataflow,ESTAT:EARN_MW_CUR(1.0),Monthly minimum wages - bi-annual data,S,"Half-yearly, semesterly",EUR,Euro,HU,Hungary,2008-S2,,293,,,,,
dataflow,ESTAT:EARN_MW_CUR(1.0),Monthly minimum wages - bi-annual data,S,"Half-yearly, semesterly",EUR,Euro,HU,Hungary,2009-S1,,268,,,,,
dataflow,ESTAT:EARN_MW_CUR(1.0),Monthly minimum wages - bi-annual data,S,"Half-yearly, semesterly",EUR,Euro,HU,Hungary,2009-S2,,263,,,,,
dataflow,ESTAT:EARN_MW_CUR(1.0),Monthly minimum wages - bi-annual data,S,"Half-yearly, semesterly",EUR,Euro,HU,Hungary,2010-S1,,272,,,,,
dataflow,ESTAT:EARN_MW_CUR(1.0),Monthly minimum wages - bi-annual data,S,"Half-yearly, semesterly",EUR,Euro,HU,Hungary,2010-S2,,257,,,,,
dataflow,ESTAT:EARN_MW_CUR(1.0),Monthly minimum wages - bi-annual data,S,"Half-yearly, semesterly",EUR,Euro,HU,Hungary,2011-S1,,281,,,,,
dataflow,ESTAT:EARN_MW_CUR(1.0),Monthly minimum wages - bi-annual data,S,"Half-yearly, semesterly",EUR,Euro,HU,Hungary,2011-S2,,293,,,,,
dataflow,ESTAT:EARN_MW_CUR(1.0),Monthly minimum wages - bi-annual data,S,"Half-yearly, semesterly",EUR,Euro,HU,Hungary,2012-S1,,296,,,,,
dataflow,ESTAT:EARN_MW_CUR(1.0),Monthly minimum wages - bi-annual data,S,"Half-yearly, semesterly",EUR,Euro,HU,Hungary,2012-S2,,323,,,,,
dataflow,ESTAT:EARN_MW_CUR(1.0),Monthly minimum wages - bi-annual data,S,"Half-yearly, semesterly",EUR,Euro,HU,Hungary,2013-S1,,335,,,,,
dataflow,ESTAT:EARN_MW_CUR(1.0),Monthly minimum wages - bi-annual data,S,"Half-yearly, semesterly",EUR,Euro,HU,Hungary,2013-S2,,332,,,,,
dataflow,ESTAT:EARN_MW_CUR(1.0),Monthly minimum wages - bi-annual data,S,"Half-yearly, semesterly",EUR,Euro,HU,Hungary,2014-S1,,342,,,,,
dataflow,ESTAT:EARN_MW_CUR(1.0),Monthly minimum wages - bi-annual data,S,"Half-yearly, semesterly",EUR,Euro,HU,Hungary,2014-S2,,328,,,,,
dataflow,ESTAT:EARN_MW_CUR(1.0),Monthly minimum wages - bi-annual data,S,"Half-yearly, semesterly",EUR,Euro,HU,Hungary,2015-S1,,333,,,,,
dataflow,ESTAT:EARN_MW_CUR(1.0),Monthly minimum wages - bi-annual data,S,"Half-yearly, semesterly",EUR,Euro,HU,Hungary,2015-S2,,333,,,,,
dataflow,ESTAT:EARN_MW_CUR(1.0),Monthly minimum wages - bi-annual data,S,"Half-yearly, semesterly",EUR,Euro,HU,Hungary,2016-S1,,351,,,,,
dataflow,ESTAT:EARN_MW_CUR(1.0),Monthly minimum wages - bi-annual data,S,"Half-yearly, semesterly",EUR,Euro,HU,Hungary,2016-S2,,350,,,,,
dataflow,ESTAT:EARN_MW_CUR(1.0),Monthly minimum wages - bi-annual data,S,"Half-yearly, semesterly",EUR,Euro,HU,Hungary,2017-S1,,412,,,,,
dataflow,ESTAT:EARN_MW_CUR(1.0),Monthly minimum wages - bi-annual data,S,"Half-yearly, semesterly",EUR,Euro,HU,Hungary,2017-S2,,413,,,,,
dataflow,ESTAT:EARN_MW_CUR(1.0),Monthly minimum wages - bi-annual data,S,"Half-yearly, semesterly",EUR,Euro,HU,Hungary,2018-S1,,445,,,,,
dataflow,ESTAT:EARN_MW_CUR(1.0),Monthly minimum wages - bi-annual data,S,"Half-yearly, semesterly",EUR,Euro,HU,Hungary,2018-S2,,418,,,,,
dataflow,ESTAT:EARN_MW_CUR(1.0),Monthly minimum wages - bi-annual data,S,"Half-yearly, semesterly",EUR,Euro,HU,Hungary,2019-S1,,464,,,,,
dataflow,ESTAT:EARN_MW_CUR(1.0),Monthly minimum wages - bi-annual data,S,"Half-yearly, semesterly",EUR,Euro,HU,Hungary,2019-S2,,461,,,,,
dataflow,ESTAT:EARN_MW_CUR(1.0),Monthly minimum wages - bi-annual data,S,"Half-yearly, semesterly",EUR,Euro,HU,Hungary,2020-S1,,487,,,,,
dataflow,ESTAT:EARN_MW_CUR(1.0),Monthly minimum wages - bi-annual data,S,"Half-yearly, semesterly",EUR,Euro,HU,Hungary,2020-S2,,452,,,,,
dataflow,ESTAT:EARN_MW_CUR(1.0),Monthly minimum wages - bi-annual data,S,"Half-yearly, semesterly",EUR,Euro,HU,Hungary,2021-S1,,442,,,,,
dataflow,ESTAT:EARN_MW_CUR(1.0),Monthly minimum wages - bi-annual data,S,"Half-yearly, semesterly",EUR,Euro,HU,Hungary,2021-S2,,476,,,,,
dataflow,ESTAT:EARN_MW_CUR(1.0),Monthly minimum wages - bi-annual data,S,"Half-yearly, semesterly",EUR,Euro,HU,Hungary,2022-S1,,542,,,,,
dataflow,ESTAT:EARN_MW_CUR(1.0),Monthly minimum wages - bi-annual data,S,"Half-yearly, semesterly",EUR,Euro,HU,Hungary,2022-S2,,504,,,,,
dataflow,ESTAT:EARN_MW_CUR(1.0),Monthly minimum wages - bi-annual data,S,"Half-yearly, semesterly",EUR,Euro,HU,Hungary,2023-S1,,579,,,,,
dataflow,ESTAT:EARN_MW_CUR(1.0),Monthly minimum wages - bi-annual data,S,"Half-yearly, semesterly",EUR,Euro,HU,Hungary,2023-S2,,624,,,,,
dataflow,ESTAT:EARN_MW_CUR(1.0),Monthly minimum wages - bi-annual data,S,"Half-yearly, semesterly",EUR,Euro,HU,Hungary,2024-S1,,697,,,,,
dataflow,ESTAT:EARN_MW_CUR(1.0),Monthly minimum wages - bi-annual data,S,"Half-yearly, semesterly",EUR,Euro,HU,Hungary,2024-S2,,675,,,,,
dataflow,ESTAT:EARN_MW_CUR(1.0),Monthly minimum wages - bi-annual data,S,"Half-yearly, semesterly",EUR,Euro,HU,Hungary,2025-S1,,707,,,,,
dataflow,ESTAT:EARN_MW_CUR(1.0),Monthly minimum wages - bi-annual data,S,"Half-yearly, semesterly",EUR,Euro,HU,Hungary,2025-S2,,727,,,,,
dataflow,ESTAT:EARN_MW_CUR(1.0),Monthly minimum wages - bi-annual data,S,"Half-yearly, semesterly",EUR,Euro,IE,Ireland,1999-S1,,,,m,missing value; data cannot exist,,
dataflow,ESTAT:EARN_MW_CUR(1.0),Monthly minimum wages - bi-annual data,S,"Half-yearly, semesterly",EUR,Euro,IE,Ireland,1999-S2,,,,m,missing value; data cannot exist,,
dataflow,ESTAT:EARN_MW_CUR(1.0),Monthly minimum wages - bi-annual data,S,"Half-yearly, semesterly",EUR,Euro,IE,Ireland,2000-S1,,,,m,missing value; data cannot exist,,
dataflow,ESTAT:EARN_MW_CUR(1.0),Monthly minimum wages - bi-annual data,S,"Half-yearly, semesterly",EUR,Euro,IE,Ireland,2000-S2,,945,,,,,
dataflow,ESTAT:EARN_MW_CUR(1.0),Monthly minimum wages - bi-annual data,S,"Half-yearly, semesterly",EUR,Euro,IE,Ireland,2001-S1,,945,,,,,
dataflow,ESTAT:EARN_MW_CUR(1.0),Monthly minimum wages - bi-annual data,S,"Half-yearly, semesterly",EUR,Euro,IE,Ireland,2001-S2,,1009,,,,,
dataflow,ESTAT:EARN_MW_CUR(1.0),Monthly minimum wages - bi-annual data,S,"Half-yearly, semesterly",EUR,Euro,IE,Ireland,2002-S1,,1009,,,,,
dataflow,ESTAT:EARN_MW_CUR(1.0),Monthly minimum wages - bi-annual data,S,"Half-yearly, semesterly",EUR,Euro,IE,Ireland,2002-S2,,1009,,,,,
dataflow,ESTAT:EARN_MW_CUR(1.0),Monthly minimum wages - bi-annual data,S,"Half-yearly, semesterly",EUR,Euro,IE,Ireland,2003-S1,,1073,,,,,
dataflow,ESTAT:EARN_MW_CUR(1.0),Monthly minimum wages - bi-annual data,S,"Half-yearly, semesterly",EUR,Euro,IE,Ireland,2003-S2,,1073,,,,,
dataflow,ESTAT:EARN_MW_CUR(1.0),Monthly minimum wages - bi-annual data,S,"Half-yearly, semesterly",EUR,Euro,IE,Ireland,2004-S1,,1073,,,,,
dataflow,ESTAT:EARN_MW_CUR(1.0),Monthly minimum wages - bi-annual data,S,"Half-yearly, semesterly",EUR,Euro,IE,Ireland,2004-S2,,1183,,,,,
dataflow,ESTAT:EARN_MW_CUR(1.0),Monthly minimum wages - bi-annual data,S,"Half-yearly, semesterly",EUR,Euro,IE,Ireland,2005-S1,,1183,,,,,
dataflow,ESTAT:EARN_MW_CUR(1.0),Monthly minimum wages - bi-annual data,S,"Half-yearly, semesterly",EUR,Euro,IE,Ireland,2005-S2,,1293,,,,,
dataflow,ESTAT:EARN_MW_CUR(1.0),Monthly minimum wages - bi-annual data,S,"Half-yearly, semesterly",EUR,Euro,IE,Ireland,2006-S1,,1293,,,,,
dataflow,ESTAT:EARN_MW_CUR(1.0),Monthly minimum wages - bi-annual data,S,"Half-yearly, semesterly",EUR,Euro,IE,Ireland,2006-S2,,1293,,,,,
dataflow,ESTAT:EARN_MW_CUR(1.0),Monthly minimum wages - bi-annual data,S,"Half-yearly, semesterly",EUR,Euro,IE,Ireland,2007-S1,,1403,,,,,
dataflow,ESTAT:EARN_MW_CUR(1.0),Monthly minimum wages - bi-annual data,S,"Half-yearly, semesterly",EUR,Euro,IE,Ireland,2007-S2,,1462,,,,,
dataflow,ESTAT:EARN_MW_CUR(1.0),Monthly minimum wages - bi-annual data,S,"Half-yearly, semesterly",EUR,Euro,IE,Ireland,2008-S1,,1462,,,,,
dataflow,ESTAT:EARN_MW_CUR(1.0),Monthly minimum wages - bi-annual data,S,"Half-yearly, semesterly",EUR,Euro,IE,Ireland,2008-S2,,1462,,,,,
dataflow,ESTAT:EARN_MW_CUR(1.0),Monthly minimum wages - bi-annual data,S,"Half-yearly, semesterly",EUR,Euro,IE,Ireland,2009-S1,,1462,,,,,
dataflow,ESTAT:EARN_MW_CUR(1.0),Monthly minimum wages - bi-annual data,S,"Half-yearly, semesterly",EUR,Euro,IE,Ireland,2009-S2,,1462,,,,,
dataflow,ESTAT:EARN_MW_CUR(1.0),Monthly minimum wages - bi-annual data,S,"Half-yearly, semesterly",EUR,Euro,IE,Ireland,2010-S1,,1462,,,,,
dataflow,ESTAT:EARN_MW_CUR(1.0),Monthly minimum wages - bi-annual data,S,"Half-yearly, semesterly",EUR,Euro,IE,Ireland,2010-S2,,1462,,,,,
dataflow,ESTAT:EARN_MW_CUR(1.0),Monthly minimum wages - bi-annual data,S,"Half-yearly, semesterly",EUR,Euro,IE,Ireland,2011-S1,,1462,,,,,
dataflow,ESTAT:EARN_MW_CUR(1.0),Monthly minimum wages - bi-annual data,S,"Half-yearly, semesterly",EUR,Euro,IE,Ireland,2011-S2,,1462,,,,,
dataflow,ESTAT:EARN_MW_CUR(1.0),Monthly minimum wages - bi-annual data,S,"Half-yearly, semesterly",EUR,Euro,IE,Ireland,2012-S1,,1462,,,,,
dataflow,ESTAT:EARN_MW_CUR(1.0),Monthly minimum wages - bi-annual data,S,"Half-yearly, semesterly",EUR,Euro,IE,Ireland,2012-S2,,1462,,,,,
dataflow,ESTAT:EARN_MW_CUR(1.0),Monthly minimum wages - bi-annual data,S,"Half-yearly, semesterly",EUR,Euro,IE,Ireland,2013-S1,,1462,,,,,
dataflow,ESTAT:EARN_MW_CUR(1.0),Monthly minimum wages - bi-annual data,S,"Half-yearly, semesterly",EUR,Euro,IE,Ireland,2013-S2,,1462,,,,,
dataflow,ESTAT:EARN_MW_CUR(1.0),Monthly minimum wages - bi-annual data,S,"Half-yearly, semesterly",EUR,Euro,IE,Ireland,2014-S1,,1462,,,,,
dataflow,ESTAT:EARN_MW_CUR(1.0),Monthly minimum wages - bi-annual data,S,"Half-yearly, semesterly",EUR,Euro,IE,Ireland,2014-S2,,1462,,,,,
dataflow,ESTAT:EARN_MW_CUR(1.0),Monthly minimum wages - bi-annual data,S,"Half-yearly, semesterly",EUR,Euro,IE,Ireland,2015-S1,,1462,,,,,
dataflow,ESTAT:EARN_MW_CUR(1.0),Monthly minimum wages - bi-annual data,S,"Half-yearly, semesterly",EUR,Euro,IE,Ireland,2015-S2,,1462,,,,,
dataflow,ESTAT:EARN_MW_CUR(1.0),Monthly minimum wages - bi-annual data,S,"Half-yearly, semesterly",EUR,Euro,IE,Ireland,2016-S1,,1546,,,,,
dataflow,ESTAT:EARN_MW_CUR(1.0),Monthly minimum wages - bi-annual data,S,"Half-yearly, semesterly",EUR,Euro,IE,Ireland,2016-S2,,1546,,,,,
dataflow,ESTAT:EARN_MW_CUR(1.0),Monthly minimum wages - bi-annual data,S,"Half-yearly, semesterly",EUR,Euro,IE,Ireland,2017-S1,,1563,,,,,
dataflow,ESTAT:EARN_MW_CUR(1.0),Monthly minimum wages - bi-annual data,S,"Half-yearly, semesterly",EUR,Euro,IE,Ireland,2017-S2,,1563,,,,,
dataflow,ESTAT:EARN_MW_CUR(1.0),Monthly minimum wages - bi-annual data,S,"Half-yearly, semesterly",EUR,Euro,IE,Ireland,2018-S1,,1614,,,,,
dataflow,ESTAT:EARN_MW_CUR(1.0),Monthly minimum wages - bi-annual data,S,"Half-yearly, semesterly",EUR,Euro,IE,Ireland,2018-S2,,1614,,,,,
dataflow,ESTAT:EARN_MW_CUR(1.0),Monthly minimum wages - bi-annual data,S,"Half-yearly, semesterly",EUR,Euro,IE,Ireland,2019-S1,,1656,,,,,
dataflow,ESTAT:EARN_MW_CUR(1.0),Monthly minimum wages - bi-annual data,S,"Half-yearly, semesterly",EUR,Euro,IE,Ireland,2019-S2,,1656,,,,,
dataflow,ESTAT:EARN_MW_CUR(1.0),Monthly minimum wages - bi-annual data,S,"Half-yearly, semesterly",EUR,Euro,IE,Ireland,2020-S1,,1656,,,,,
dataflow,ESTAT:EARN_MW_CUR(1.0),Monthly minimum wages - bi-annual data,S,"Half-yearly, semesterly",EUR,Euro,IE,Ireland,2020-S2,,1707,,,,,
dataflow,ESTAT:EARN_MW_CUR(1.0),Monthly minimum wages - bi-annual data,S,"Half-yearly, semesterly",EUR,Euro,IE,Ireland,2021-S1,,1724,,,,,
dataflow,ESTAT:EARN_MW_CUR(1.0),Monthly minimum wages - bi-annual data,S,"Half-yearly, semesterly",EUR,Euro,IE,Ireland,2021-S2,,1724,,,,,
dataflow,ESTAT:EARN_MW_CUR(1.0),Monthly minimum wages - bi-annual data,S,"Half-yearly, semesterly",EUR,Euro,IE,Ireland,2022-S1,,1775,,,,,
dataflow,ESTAT:EARN_MW_CUR(1.0),Monthly minimum wages - bi-annual data,S,"Half-yearly, semesterly",EUR,Euro,IE,Ireland,2022-S2,,1775,,,,,
dataflow,ESTAT:EARN_MW_CUR(1.0),Monthly minimum wages - bi-annual data,S,"Half-yearly, semesterly",EUR,Euro,IE,Ireland,2023-S1,,1910,,,,,
dataflow,ESTAT:EARN_MW_CUR(1.0),Monthly minimum wages - bi-annual data,S,"Half-yearly, semesterly",EUR,Euro,IE,Ireland,2023-S2,,1910,,,,,
dataflow,ESTAT:EARN_MW_CUR(1.0),Monthly minimum wages - bi-annual data,S,"Half-yearly, semesterly",EUR,Euro,IE,Ireland,2024-S1,,2146,,,,,
dataflow,ESTAT:EARN_MW_CUR(1.0),Monthly minimum wages - bi-annual data,S,"Half-yearly, semesterly",EUR,Euro,IE,Ireland,2024-S2,,2146,,,,,
dataflow,ESTAT:EARN_MW_CUR(1.0),Monthly minimum wages - bi-annual data,S,"Half-yearly, semesterly",EUR,Euro,IE,Ireland,2025-S1,,2282,,,,,
dataflow,ESTAT:EARN_MW_CUR(1.0),Monthly minimum wages - bi-annual data,S,"Half-yearly, semesterly",EUR,Euro,IE,Ireland,2025-S2,,2282,,,,,
dataflow,ESTAT:EARN_MW_CUR(1.0),Monthly minimum wages - bi-annual data,S,"Half-yearly, semesterly",EUR,Euro,LT,Lithuania,1999-S1,,92,,,,,
dataflow,ESTAT:EARN_MW_CUR(1.0),Monthly minimum wages - bi-annual data,S,"Half-yearly, semesterly",EUR,Euro,LT,Lithuania,1999-S2,,104,,,,,
dataflow,ESTAT:EARN_MW_CUR(1.0),Monthly minimum wages - bi-annual data,S,"Half-yearly, semesterly",EUR,Euro,LT,Lithuania,2000-S1,,107,,,,,
dataflow,ESTAT:EARN_MW_CUR(1.0),Monthly minimum wages - bi-annual data,S,"Half-yearly, semesterly",EUR,Euro,LT,Lithuania,2000-S2,,113,,,,,
dataflow,ESTAT:EARN_MW_CUR(1.0),Monthly minimum wages - bi-annual data,S,"Half-yearly, semesterly",EUR,Euro,LT,Lithuania,2001-S1,,116,,,,,
dataflow,ESTAT:EARN_MW_CUR(1.0),Monthly minimum wages - bi-annual data,S,"Half-yearly, semesterly",EUR,Euro,LT,Lithuania,2001-S2,,127,,,,,
dataflow,ESTAT:EARN_MW_CUR(1.0),Monthly minimum wages - bi-annual data,S,"Half-yearly, semesterly",EUR,Euro,LT,Lithuania,2002-S1,,122,,,,,
dataflow,ESTAT:EARN_MW_CUR(1.0),Monthly minimum wages - bi-annual data,S,"Half-yearly, semesterly",EUR,Euro,LT,Lithuania,2002-S2,,125,,,,,
dataflow,ESTAT:EARN_MW_CUR(1.0),Monthly minimum wages - bi-annual data,S,"Half-yearly, semesterly",EUR,Euro,LT,Lithuania,2003-S1,,125,,,,,
dataflow,ESTAT:EARN_MW_CUR(1.0),Monthly minimum wages - bi-annual data,S,"Half-yearly, semesterly",EUR,Euro,LT,Lithuania,2003-S2,,125,,,,,
dataflow,ESTAT:EARN_MW_CUR(1.0),Monthly minimum wages - bi-annual data,S,"Half-yearly, semesterly",EUR,Euro,LT,Lithuania,2004-S1,,130,,,,,
dataflow,ESTAT:EARN_MW_CUR(1.0),Monthly minimum wages - bi-annual data,S,"Half-yearly, semesterly",EUR,Euro,LT,Lithuania,2004-S2,,145,,,,,
dataflow,ESTAT:EARN_MW_CUR(1.0),Monthly minimum wages - bi-annual data,S,"Half-yearly, semesterly",EUR,Euro,LT,Lithuania,2005-S1,,145,,,,,
dataflow,ESTAT:EARN_MW_CUR(1.0),Monthly minimum wages - bi-annual data,S,"Half-yearly, semesterly",EUR,Euro,LT,Lithuania,2005-S2,,159,,,,,
dataflow,ESTAT:EARN_MW_CUR(1.0),Monthly minimum wages - bi-annual data,S,"Half-yearly, semesterly",EUR,Euro,LT,Lithuania,2006-S1,,159,,,,,
dataflow,ESTAT:EARN_MW_CUR(1.0),Monthly minimum wages - bi-annual data,S,"Half-yearly, semesterly",EUR,Euro,LT,Lithuania,2006-S2,,174,,,,,
dataflow,ESTAT:EARN_MW_CUR(1.0),Monthly minimum wages - bi-annual data,S,"Half-yearly, semesterly",EUR,Euro,LT,Lithuania,2007-S1,,174,,,,,
dataflow,ESTAT:EARN_MW_CUR(1.0),Monthly minimum wages - bi-annual data,S,"Half-yearly, semesterly",EUR,Euro,LT,Lithuania,2007-S2,,203,,,,,
dataflow,ESTAT:EARN_MW_CUR(1.0),Monthly minimum wages - bi-annual data,S,"Half-yearly, semesterly",EUR,Euro,LT,Lithuania,2008-S1,,232,,,,,
dataflow,ESTAT:EARN_MW_CUR(1.0),Monthly minimum wages - bi-annual data,S,"Half-yearly, semesterly",EUR,Euro,LT,Lithuania,2008-S2,,232,,,,,
dataflow,ESTAT:EARN_MW_CUR(1.0),Monthly minimum wages - bi-annual data,S,"Half-yearly, semesterly",EUR,Euro,LT,Lithuania,2009-S1,,232,,,,,
dataflow,ESTAT:EARN_MW_CUR(1.0),Monthly minimum wages - bi-annual data,S,"Half-yearly, semesterly",EUR,Euro,LT,Lithuania,2009-S2,,232,,,,,
dataflow,ESTAT:EARN_MW_CUR(1.0),Monthly minimum wages - bi-annual data,S,"Half-yearly, semesterly",EUR,Euro,LT,Lithuania,2010-S1,,232,,,,,
dataflow,ESTAT:EARN_MW_CUR(1.0),Monthly minimum wages - bi-annual data,S,"Half-yearly, semesterly",EUR,Euro,LT,Lithuania,2010-S2,,232,,,,,
dataflow,ESTAT:EARN_MW_CUR(1.0),Monthly minimum wages - bi-annual data,S,"Half-yearly, semesterly",EUR,Euro,LT,Lithuania,2011-S1,,232,,,,,
dataflow,ESTAT:EARN_MW_CUR(1.0),Monthly minimum wages - bi-annual data,S,"Half-yearly, semesterly",EUR,Euro,LT,Lithuania,2011-S2,,232,,,,,
dataflow,ESTAT:EARN_MW_CUR(1.0),Monthly minimum wages - bi-annual data,S,"Half-yearly, semesterly",EUR,Euro,LT,Lithuania,2012-S1,,232,,,,,
dataflow,ESTAT:EARN_MW_CUR(1.0),Monthly minimum wages - bi-annual data,S,"Half-yearly, semesterly",EUR,Euro,LT,Lithuania,2012-S2,,232,,,,,
dataflow,ESTAT:EARN_MW_CUR(1.0),Monthly minimum wages - bi-annual data,S,"Half-yearly, semesterly",EUR,Euro,LT,Lithuania,2013-S1,,290,,,,,
dataflow,ESTAT:EARN_MW_CUR(1.0),Monthly minimum wages - bi-annual data,S,"Half-yearly, semesterly",EUR,Euro,LT,Lithuania,2013-S2,,290,,,,,
dataflow,ESTAT:EARN_MW_CUR(1.0),Monthly minimum wages - bi-annual data,S,"Half-yearly, semesterly",EUR,Euro,LT,Lithuania,2014-S1,,290,,,,,
dataflow,ESTAT:EARN_MW_CUR(1.0),Monthly minimum wages - bi-annual data,S,"Half-yearly, semesterly",EUR,Euro,LT,Lithuania,2014-S2,,290,,,,,
dataflow,ESTAT:EARN_MW_CUR(1.0),Monthly minimum wages - bi-annual data,S,"Half-yearly, semesterly",EUR,Euro,LT,Lithuania,2015-S1,,300,,,,,
dataflow,ESTAT:EARN_MW_CUR(1.0),Monthly minimum wages - bi-annual data,S,"Half-yearly, semesterly",EUR,Euro,LT,Lithuania,2015-S2,,325,,,,,
dataflow,ESTAT:EARN_MW_CUR(1.0),Monthly minimum wages - bi-annual data,S,"Half-yearly, semesterly",EUR,Euro,LT,Lithuania,2016-S1,,350,,,,,
dataflow,ESTAT:EARN_MW_CUR(1.0),Monthly minimum wages - bi-annual data,S,"Half-yearly, semesterly",EUR,Euro,LT,Lithuania,2016-S2,,380,,,,,
dataflow,ESTAT:EARN_MW_CUR(1.0),Monthly minimum wages - bi-annual data,S,"Half-yearly, semesterly",EUR,Euro,LT,Lithuania,2017-S1,,380,,,,,
dataflow,ESTAT:EARN_MW_CUR(1.0),Monthly minimum wages - bi-annual data,S,"Half-yearly, semesterly",EUR,Euro,LT,Lithuania,2017-S2,,380,,,,,
dataflow,ESTAT:EARN_MW_CUR(1.0),Monthly minimum wages - bi-annual data,S,"Half-yearly, semesterly",EUR,Euro,LT,Lithuania,2018-S1,,400,,,,,
dataflow,ESTAT:EARN_MW_CUR(1.0),Monthly minimum wages - bi-annual data,S,"Half-yearly, semesterly",EUR,Euro,LT,Lithuania,2018-S2,,400,,,,,
dataflow,ESTAT:EARN_MW_CUR(1.0),Monthly minimum wages - bi-annual data,S,"Half-yearly, semesterly",EUR,Euro,LT,Lithuania,2019-S1,,555,,,,,
dataflow,ESTAT:EARN_MW_CUR(1.0),Monthly minimum wages - bi-annual data,S,"Half-yearly, semesterly",EUR,Euro,LT,Lithuania,2019-S2,,555,,,,,
dataflow,ESTAT:EARN_MW_CUR(1.0),Monthly minimum wages - bi-annual data,S,"Half-yearly, semesterly",EUR,Euro,LT,Lithuania,2020-S1,,607,,,,,
dataflow,ESTAT:EARN_MW_CUR(1.0),Monthly minimum wages - bi-annual data,S,"Half-yearly, semesterly",EUR,Euro,LT,Lithuania,2020-S2,,607,,,,,
dataflow,ESTAT:EARN_MW_CUR(1.0),Monthly minimum wages - bi-annual data,S,"Half-yearly, semesterly",EUR,Euro,LT,Lithuania,2021-S1,,642,,,,,
dataflow,ESTAT:EARN_MW_CUR(1.0),Monthly minimum wages - bi-annual data,S,"Half-yearly, semesterly",EUR,Euro,LT,Lithuania,2021-S2,,642,,,,,
dataflow,ESTAT:EARN_MW_CUR(1.0),Monthly minimum wages - bi-annual data,S,"Half-yearly, semesterly",EUR,Euro,LT,Lithuania,2022-S1,,730,,,,,
dataflow,ESTAT:EARN_MW_CUR(1.0),Monthly minimum wages - bi-annual data,S,"Half-yearly, semesterly",EUR,Euro,LT,Lithuania,2022-S2,,730,,,,,
dataflow,ESTAT:EARN_MW_CUR(1.0),Monthly minimum wages - bi-annual data,S,"Half-yearly, semesterly",EUR,Euro,LT,Lithuania,2023-S1,,840,,,,,
dataflow,ESTAT:EARN_MW_CUR(1.0),Monthly minimum wages - bi-annual data,S,"Half-yearly, semesterly",EUR,Euro,LT,Lithuania,2023-S2,,840,,,,,
dataflow,ESTAT:EARN_MW_CUR(1.0),Monthly minimum wages - bi-annual data,S,"Half-yearly, semesterly",EUR,Euro,LT,Lithuania,2024-S1,,924,,,,,
dataflow,ESTAT:EARN_MW_CUR(1.0),Monthly minimum wages - bi-annual data,S,"Half-yearly, semesterly",EUR,Euro,LT,Lithuania,2024-S2,,924,,,,,
dataflow,ESTAT:EARN_MW_CUR(1.0),Monthly minimum wages - bi-annual data,S,"Half-yearly, semesterly",EUR,Euro,LT,Lithuania,2025-S1,,1038,,,,,
dataflow,ESTAT:EARN_MW_CUR(1.0),Monthly minimum wages - bi-annual data,S,"Half-yearly, semesterly",EUR,Euro,LT,Lithuania,2025-S2,,1038,,,,,
dataflow,ESTAT:EARN_MW_CUR(1.0),Monthly minimum wages - bi-annual data,S,"Half-yearly, semesterly",EUR,Euro,LU,Luxembourg,1999-S1,,1162,,,,,
dataflow,ESTAT:EARN_MW_CUR(1.0),Monthly minimum wages - bi-annual data,S,"Half-yearly, semesterly",EUR,Euro,LU,Luxembourg,1999-S2,,1162,,,,,
dataflow,ESTAT:EARN_MW_CUR(1.0),Monthly minimum wages - bi-annual data,S,"Half-yearly, semesterly",EUR,Euro,LU,Luxembourg,2000-S1,,1191,,,,,
dataflow,ESTAT:EARN_MW_CUR(1.0),Monthly minimum wages - bi-annual data,S,"Half-yearly, semesterly",EUR,Euro,LU,Luxembourg,2000-S2,,1221,,,,,
dataflow,ESTAT:EARN_MW_CUR(1.0),Monthly minimum wages - bi-annual data,S,"Half-yearly, semesterly",EUR,Euro,LU,Luxembourg,2001-S1,,1259,,,,,
dataflow,ESTAT:EARN_MW_CUR(1.0),Monthly minimum wages - bi-annual data,S,"Half-yearly, semesterly",EUR,Euro,LU,Luxembourg,2001-S2,,1290,,,,,
dataflow,ESTAT:EARN_MW_CUR(1.0),Monthly minimum wages - bi-annual data,S,"Half-yearly, semesterly",EUR,Euro,LU,Luxembourg,2002-S1,,1290,,,,,
dataflow,ESTAT:EARN_MW_CUR(1.0),Monthly minimum wages - bi-annual data,S,"Half-yearly, semesterly",EUR,Euro,LU,Luxembourg,2002-S2,,1322,,,,,
dataflow,ESTAT:EARN_MW_CUR(1.0),Monthly minimum wages - bi-annual data,S,"Half-yearly, semesterly",EUR,Euro,LU,Luxembourg,2003-S1,,1369,,,,,
dataflow,ESTAT:EARN_MW_CUR(1.0),Monthly minimum wages - bi-annual data,S,"Half-yearly, semesterly",EUR,Euro,LU,Luxembourg,2003-S2,,1369,,,,,
dataflow,ESTAT:EARN_MW_CUR(1.0),Monthly minimum wages - bi-annual data,S,"Half-yearly, semesterly",EUR,Euro,LU,Luxembourg,2004-S1,,1403,,,,,
dataflow,ESTAT:EARN_MW_CUR(1.0),Monthly minimum wages - bi-annual data,S,"Half-yearly, semesterly",EUR,Euro,LU,Luxembourg,2004-S2,,1403,,,,,
dataflow,ESTAT:EARN_MW_CUR(1.0),Monthly minimum wages - bi-annual data,S,"Half-yearly, semesterly",EUR,Euro,LU,Luxembourg,2005-S1,,1467,,,,,
dataflow,ESTAT:EARN_MW_CUR(1.0),Monthly minimum wages - bi-annual data,S,"Half-yearly, semesterly",EUR,Euro,LU,Luxembourg,2005-S2,,1467,,,,,
dataflow,ESTAT:EARN_MW_CUR(1.0),Monthly minimum wages - bi-annual data,S,"Half-yearly, semesterly",EUR,Euro,LU,Luxembourg,2006-S1,,1503,,,,,
dataflow,ESTAT:EARN_MW_CUR(1.0),Monthly minimum wages - bi-annual data,S,"Half-yearly, semesterly",EUR,Euro,LU,Luxembourg,2006-S2,,1503,,,,,
dataflow,ESTAT:EARN_MW_CUR(1.0),Monthly minimum wages - bi-annual data,S,"Half-yearly, semesterly",EUR,Euro,LU,Luxembourg,2007-S1,,1570,,,,,
dataflow,ESTAT:EARN_MW_CUR(1.0),Monthly minimum wages - bi-annual data,S,"Half-yearly, semesterly",EUR,Euro,LU,Luxembourg,2007-S2,,1570,,,,,
dataflow,ESTAT:EARN_MW_CUR(1.0),Monthly minimum wages - bi-annual data,S,"Half-yearly, semesterly",EUR,Euro,LU,Luxembourg,2008-S1,,1570,,,,,
dataflow,ESTAT:EARN_MW_CUR(1.0),Monthly minimum wages - bi-annual data,S,"Half-yearly, semesterly",EUR,Euro,LU,Luxembourg,2008-S2,,1610,,,,,
dataflow,ESTAT:EARN_MW_CUR(1.0),Monthly minimum wages - bi-annual data,S,"Half-yearly, semesterly",EUR,Euro,LU,Luxembourg,2009-S1,,1642,,,,,
dataflow,ESTAT:EARN_MW_CUR(1.0),Monthly minimum wages - bi-annual data,S,"Half-yearly, semesterly",EUR,Euro,LU,Luxembourg,2009-S2,,1683,,,,,
dataflow,ESTAT:EARN_MW_CUR(1.0),Monthly minimum wages - bi-annual data,S,"Half-yearly, semesterly",EUR,Euro,LU,Luxembourg,2010-S1,,1683,,,,,
dataflow,ESTAT:EARN_MW_CUR(1.0),Monthly minimum wages - bi-annual data,S,"Half-yearly, semesterly",EUR,Euro,LU,Luxembourg,2010-S2,,1725,,,,,
dataflow,ESTAT:EARN_MW_CUR(1.0),Monthly minimum wages - bi-annual data,S,"Half-yearly, semesterly",EUR,Euro,LU,Luxembourg,2011-S1,,1758,,,,,
dataflow,ESTAT:EARN_MW_CUR(1.0),Monthly minimum wages - bi-annual data,S,"Half-yearly, semesterly",EUR,Euro,LU,Luxembourg,2011-S2,,1758,,,,,
dataflow,ESTAT:EARN_MW_CUR(1.0),Monthly minimum wages - bi-annual data,S,"Half-yearly, semesterly",EUR,Euro,LU,Luxembourg,2012-S1,,1801,,,,,
dataflow,ESTAT:EARN_MW_CUR(1.0),Monthly minimum wages - bi-annual data,S,"Half-yearly, semesterly",EUR,Euro,LU,Luxembourg,2012-S2,,1801,,,,,
dataflow,ESTAT:EARN_MW_CUR(1.0),Monthly minimum wages - bi-annual data,S,"Half-yearly, semesterly",EUR,Euro,LU,Luxembourg,2013-S1,,1874,,,,,
dataflow,ESTAT:EARN_MW_CUR(1.0),Monthly minimum wages - bi-annual data,S,"Half-yearly, semesterly",EUR,Euro,LU,Luxembourg,2013-S2,,1874,,,,,
dataflow,ESTAT:EARN_MW_CUR(1.0),Monthly minimum wages - bi-annual data,S,"Half-yearly, semesterly",EUR,Euro,LU,Luxembourg,2014-S1,,1921,,,,,
dataflow,ESTAT:EARN_MW_CUR(1.0),Monthly minimum wages - bi-annual data,S,"Half-yearly, semesterly",EUR,Euro,LU,Luxembourg,2014-S2,,1921,,,,,
dataflow,ESTAT:EARN_MW_CUR(1.0),Monthly minimum wages - bi-annual data,S,"Half-yearly, semesterly",EUR,Euro,LU,Luxembourg,2015-S1,,1923,,,,,
dataflow,ESTAT:EARN_MW_CUR(1.0),Monthly minimum wages - bi-annual data,S,"Half-yearly, semesterly",EUR,Euro,LU,Luxembourg,2015-S2,,1923,,,,,
dataflow,ESTAT:EARN_MW_CUR(1.0),Monthly minimum wages - bi-annual data,S,"Half-yearly, semesterly",EUR,Euro,LU,Luxembourg,2016-S1,,1923,,,,,
dataflow,ESTAT:EARN_MW_CUR(1.0),Monthly minimum wages - bi-annual data,S,"Half-yearly, semesterly",EUR,Euro,LU,Luxembourg,2016-S2,,1923,,,,,
dataflow,ESTAT:EARN_MW_CUR(1.0),Monthly minimum wages - bi-annual data,S,"Half-yearly, semesterly",EUR,Euro,LU,Luxembourg,2017-S1,,1999,,,,,
dataflow,ESTAT:EARN_MW_CUR(1.0),Monthly minimum wages - bi-annual data,S,"Half-yearly, semesterly",EUR,Euro,LU,Luxembourg,2017-S2,,1999,,,,,
dataflow,ESTAT:EARN_MW_CUR(1.0),Monthly minimum wages - bi-annual data,S,"Half-yearly, semesterly",EUR,Euro,LU,Luxembourg,2018-S1,,1999,,,,,
dataflow,ESTAT:EARN_MW_CUR(1.0),Monthly minimum wages - bi-annual data,S,"Half-yearly, semesterly",EUR,Euro,LU,Luxembourg,2018-S2,,1999,,,,,
dataflow,ESTAT:EARN_MW_CUR(1.0),Monthly minimum wages - bi-annual data,S,"Half-yearly, semesterly",EUR,Euro,LU,Luxembourg,2019-S1,,2090,,,,,
dataflow,ESTAT:EARN_MW_CUR(1.0),Monthly minimum wages - bi-annual data,S,"Half-yearly, semesterly",EUR,Euro,LU,Luxembourg,2019-S2,,2090,,,,,
dataflow,ESTAT:EARN_MW_CUR(1.0),Monthly minimum wages - bi-annual data,S,"Half-yearly, semesterly",EUR,Euro,LU,Luxembourg,2020-S1,,2142,,,,,
dataflow,ESTAT:EARN_MW_CUR(1.0),Monthly minimum wages - bi-annual data,S,"Half-yearly, semesterly",EUR,Euro,LU,Luxembourg,2020-S2,,2142,,,,,
dataflow,ESTAT:EARN_MW_CUR(1.0),Monthly minimum wages - bi-annual data,S,"Half-yearly, semesterly",EUR,Euro,LU,Luxembourg,2021-S1,,2202,,,,,
dataflow,ESTAT:EARN_MW_CUR(1.0),Monthly minimum wages - bi-annual data,S,"Half-yearly, semesterly",EUR,Euro,LU,Luxembourg,2021-S2,,2202,,,,,
dataflow,ESTAT:EARN_MW_CUR(1.0),Monthly minimum wages - bi-annual data,S,"Half-yearly, semesterly",EUR,Euro,LU,Luxembourg,2022-S1,,2257,,,,,
dataflow,ESTAT:EARN_MW_CUR(1.0),Monthly minimum wages - bi-annual data,S,"Half-yearly, semesterly",EUR,Euro,LU,Luxembourg,2022-S2,,2313,,,,,
dataflow,ESTAT:EARN_MW_CUR(1.0),Monthly minimum wages - bi-annual data,S,"Half-yearly, semesterly",EUR,Euro,LU,Luxembourg,2023-S1,,2387,,,,,
dataflow,ESTAT:EARN_MW_CUR(1.0),Monthly minimum wages - bi-annual data,S,"Half-yearly, semesterly",EUR,Euro,LU,Luxembourg,2023-S2,,2508,,,,,
dataflow,ESTAT:EARN_MW_CUR(1.0),Monthly minimum wages - bi-annual data,S,"Half-yearly, semesterly",EUR,Euro,LU,Luxembourg,2024-S1,,2571,,,,,
dataflow,ESTAT:EARN_MW_CUR(1.0),Monthly minimum wages - bi-annual data,S,"Half-yearly, semesterly",EUR,Euro,LU,Luxembourg,2024-S2,,2571,,,,,
dataflow,ESTAT:EARN_MW_CUR(1.0),Monthly minimum wages - bi-annual data,S,"Half-yearly, semesterly",EUR,Euro,LU,Luxembourg,2025-S1,,2638,,,,,
dataflow,ESTAT:EARN_MW_CUR(1.0),Monthly minimum wages - bi-annual data,S,"Half-yearly, semesterly",EUR,Euro,LU,Luxembourg,2025-S2,,2704,,,,,
dataflow,ESTAT:EARN_MW_CUR(1.0),Monthly minimum wages - bi-annual data,S,"Half-yearly, semesterly",EUR,Euro,LV,Latvia,1999-S1,,75,,,,,
dataflow,ESTAT:EARN_MW_CUR(1.0),Monthly minimum wages - bi-annual data,S,"Half-yearly, semesterly",EUR,Euro,LV,Latvia,1999-S2,,80,,,,,
dataflow,ESTAT:EARN_MW_CUR(1.0),Monthly minimum wages - bi-annual data,S,"Half-yearly, semesterly",EUR,Euro,LV,Latvia,2000-S1,,85,,,,,
dataflow,ESTAT:EARN_MW_CUR(1.0),Monthly minimum wages - bi-annual data,S,"Half-yearly, semesterly",EUR,Euro,LV,Latvia,2000-S2,,88,,,,,
dataflow,ESTAT:EARN_MW_CUR(1.0),Monthly minimum wages - bi-annual data,S,"Half-yearly, semesterly",EUR,Euro,LV,Latvia,2001-S1,,87,,,,,
dataflow,ESTAT:EARN_MW_CUR(1.0),Monthly minimum wages - bi-annual data,S,"Half-yearly, semesterly",EUR,Euro,LV,Latvia,2001-S2,,111,,,,,
dataflow,ESTAT:EARN_MW_CUR(1.0),Monthly minimum wages - bi-annual data,S,"Half-yearly, semesterly",EUR,Euro,LV,Latvia,2002-S1,,108,,,,,
dataflow,ESTAT:EARN_MW_CUR(1.0),Monthly minimum wages - bi-annual data,S,"Half-yearly, semesterly",EUR,Euro,LV,Latvia,2002-S2,,100,,,,,
dataflow,ESTAT:EARN_MW_CUR(1.0),Monthly minimum wages - bi-annual data,S,"Half-yearly, semesterly",EUR,Euro,LV,Latvia,2003-S1,,114,,,,,
dataflow,ESTAT:EARN_MW_CUR(1.0),Monthly minimum wages - bi-annual data,S,"Half-yearly, semesterly",EUR,Euro,LV,Latvia,2003-S2,,108,,,,,
dataflow,ESTAT:EARN_MW_CUR(1.0),Monthly minimum wages - bi-annual data,S,"Half-yearly, semesterly",EUR,Euro,LV,Latvia,2004-S1,,119,,,,,
dataflow,ESTAT:EARN_MW_CUR(1.0),Monthly minimum wages - bi-annual data,S,"Half-yearly, semesterly",EUR,Euro,LV,Latvia,2004-S2,,122,,,,,
dataflow,ESTAT:EARN_MW_CUR(1.0),Monthly minimum wages - bi-annual data,S,"Half-yearly, semesterly",EUR,Euro,LV,Latvia,2005-S1,,115,,,,,
dataflow,ESTAT:EARN_MW_CUR(1.0),Monthly minimum wages - bi-annual data,S,"Half-yearly, semesterly",EUR,Euro,LV,Latvia,2005-S2,,115,,,,,
dataflow,ESTAT:EARN_MW_CUR(1.0),Monthly minimum wages - bi-annual data,S,"Half-yearly, semesterly",EUR,Euro,LV,Latvia,2006-S1,,129,,,,,
dataflow,ESTAT:EARN_MW_CUR(1.0),Monthly minimum wages - bi-annual data,S,"Half-yearly, semesterly",EUR,Euro,LV,Latvia,2006-S2,,129,,,,,
dataflow,ESTAT:EARN_MW_CUR(1.0),Monthly minimum wages - bi-annual data,S,"Half-yearly, semesterly",EUR,Euro,LV,Latvia,2007-S1,,172,,,,,
dataflow,ESTAT:EARN_MW_CUR(1.0),Monthly minimum wages - bi-annual data,S,"Half-yearly, semesterly",EUR,Euro,LV,Latvia,2007-S2,,172,,,,,
dataflow,ESTAT:EARN_MW_CUR(1.0),Monthly minimum wages - bi-annual data,S,"Half-yearly, semesterly",EUR,Euro,LV,Latvia,2008-S1,,230,,,,,
dataflow,ESTAT:EARN_MW_CUR(1.0),Monthly minimum wages - bi-annual data,S,"Half-yearly, semesterly",EUR,Euro,LV,Latvia,2008-S2,,227,,,,,
dataflow,ESTAT:EARN_MW_CUR(1.0),Monthly minimum wages - bi-annual data,S,"Half-yearly, semesterly",EUR,Euro,LV,Latvia,2009-S1,,254,,,,,
dataflow,ESTAT:EARN_MW_CUR(1.0),Monthly minimum wages - bi-annual data,S,"Half-yearly, semesterly",EUR,Euro,LV,Latvia,2009-S2,,256,,,,,
dataflow,ESTAT:EARN_MW_CUR(1.0),Monthly minimum wages - bi-annual data,S,"Half-yearly, semesterly",EUR,Euro,LV,Latvia,2010-S1,,254,,,,,
dataflow,ESTAT:EARN_MW_CUR(1.0),Monthly minimum wages - bi-annual data,S,"Half-yearly, semesterly",EUR,Euro,LV,Latvia,2010-S2,,254,,,,,
dataflow,ESTAT:EARN_MW_CUR(1.0),Monthly minimum wages - bi-annual data,S,"Half-yearly, semesterly",EUR,Euro,LV,Latvia,2011-S1,,282,,,,,
dataflow,ESTAT:EARN_MW_CUR(1.0),Monthly minimum wages - bi-annual data,S,"Half-yearly, semesterly",EUR,Euro,LV,Latvia,2011-S2,,282,,,,,
dataflow,ESTAT:EARN_MW_CUR(1.0),Monthly minimum wages - bi-annual data,S,"Half-yearly, semesterly",EUR,Euro,LV,Latvia,2012-S1,,286,,,,,
dataflow,ESTAT:EARN_MW_CUR(1.0),Monthly minimum wages - bi-annual data,S,"Half-yearly, semesterly",EUR,Euro,LV,Latvia,2012-S2,,287,,,,,
dataflow,ESTAT:EARN_MW_CUR(1.0),Monthly minimum wages - bi-annual data,S,"Half-yearly, semesterly",EUR,Euro,LV,Latvia,2013-S1,,287,,,,,
dataflow,ESTAT:EARN_MW_CUR(1.0),Monthly minimum wages - bi-annual data,S,"Half-yearly, semesterly",EUR,Euro,LV,Latvia,2013-S2,,285,,,,,
dataflow,ESTAT:EARN_MW_CUR(1.0),Monthly minimum wages - bi-annual data,S,"Half-yearly, semesterly",EUR,Euro,LV,Latvia,2014-S1,,320,,,,,
dataflow,ESTAT:EARN_MW_CUR(1.0),Monthly minimum wages - bi-annual data,S,"Half-yearly, semesterly",EUR,Euro,LV,Latvia,2014-S2,,320,,,,,
dataflow,ESTAT:EARN_MW_CUR(1.0),Monthly minimum wages - bi-annual data,S,"Half-yearly, semesterly",EUR,Euro,LV,Latvia,2015-S1,,360,,,,,
dataflow,ESTAT:EARN_MW_CUR(1.0),Monthly minimum wages - bi-annual data,S,"Half-yearly, semesterly",EUR,Euro,LV,Latvia,2015-S2,,360,,,,,
dataflow,ESTAT:EARN_MW_CUR(1.0),Monthly minimum wages - bi-annual data,S,"Half-yearly, semesterly",EUR,Euro,LV,Latvia,2016-S1,,370,,,,,
dataflow,ESTAT:EARN_MW_CUR(1.0),Monthly minimum wages - bi-annual data,S,"Half-yearly, semesterly",EUR,Euro,LV,Latvia,2016-S2,,370,,,,,
dataflow,ESTAT:EARN_MW_CUR(1.0),Monthly minimum wages - bi-annual data,S,"Half-yearly, semesterly",EUR,Euro,LV,Latvia,2017-S1,,380,,,,,
dataflow,ESTAT:EARN_MW_CUR(1.0),Monthly minimum wages - bi-annual data,S,"Half-yearly, semesterly",EUR,Euro,LV,Latvia,2017-S2,,380,,,,,
dataflow,ESTAT:EARN_MW_CUR(1.0),Monthly minimum wages - bi-annual data,S,"Half-yearly, semesterly",EUR,Euro,LV,Latvia,2018-S1,,430,,,,,
dataflow,ESTAT:EARN_MW_CUR(1.0),Monthly minimum wages - bi-annual data,S,"Half-yearly, semesterly",EUR,Euro,LV,Latvia,2018-S2,,430,,,,,
dataflow,ESTAT:EARN_MW_CUR(1.0),Monthly minimum wages - bi-annual data,S,"Half-yearly, semesterly",EUR,Euro,LV,Latvia,2019-S1,,430,,,,,
dataflow,ESTAT:EARN_MW_CUR(1.0),Monthly minimum wages - bi-annual data,S,"Half-yearly, semesterly",EUR,Euro,LV,Latvia,2019-S2,,430,,,,,
dataflow,ESTAT:EARN_MW_CUR(1.0),Monthly minimum wages - bi-annual data,S,"Half-yearly, semesterly",EUR,Euro,LV,Latvia,2020-S1,,430,,,,,
dataflow,ESTAT:EARN_MW_CUR(1.0),Monthly minimum wages - bi-annual data,S,"Half-yearly, semesterly",EUR,Euro,LV,Latvia,2020-S2,,430,,,,,
dataflow,ESTAT:EARN_MW_CUR(1.0),Monthly minimum wages - bi-annual data,S,"Half-yearly, semesterly",EUR,Euro,LV,Latvia,2021-S1,,500,,,,,
dataflow,ESTAT:EARN_MW_CUR(1.0),Monthly minimum wages - bi-annual data,S,"Half-yearly, semesterly",EUR,Euro,LV,Latvia,2021-S2,,500,,,,,
dataflow,ESTAT:EARN_MW_CUR(1.0),Monthly minimum wages - bi-annual data,S,"Half-yearly, semesterly",EUR,Euro,LV,Latvia,2022-S1,,500,,,,,
dataflow,ESTAT:EARN_MW_CUR(1.0),Monthly minimum wages - bi-annual data,S,"Half-yearly, semesterly",EUR,Euro,LV,Latvia,2022-S2,,500,,,,,
dataflow,ESTAT:EARN_MW_CUR(1.0),Monthly minimum wages - bi-annual data,S,"Half-yearly, semesterly",EUR,Euro,LV,Latvia,2023-S1,,620,,,,,
dataflow,ESTAT:EARN_MW_CUR(1.0),Monthly minimum wages - bi-annual data,S,"Half-yearly, semesterly",EUR,Euro,LV,Latvia,2023-S2,,620,,,,,
dataflow,ESTAT:EARN_MW_CUR(1.0),Monthly minimum wages - bi-annual data,S,"Half-yearly, semesterly",EUR,Euro,LV,Latvia,2024-S1,,700,,,,,
dataflow,ESTAT:EARN_MW_CUR(1.0),Monthly minimum wages - bi-annual data,S,"Half-yearly, semesterly",EUR,Euro,LV,Latvia,2024-S2,,700,,,,,
dataflow,ESTAT:EARN_MW_CUR(1.0),Monthly minimum wages - bi-annual data,S,"Half-yearly, semesterly",EUR,Euro,LV,Latvia,2025-S1,,740,,,,,
dataflow,ESTAT:EARN_MW_CUR(1.0),Monthly minimum wages - bi-annual data,S,"Half-yearly, semesterly",EUR,Euro,LV,Latvia,2025-S2,,740,,,,,
dataflow,ESTAT:EARN_MW_CUR(1.0),Monthly minimum wages - bi-annual data,S,"Half-yearly, semesterly",EUR,Euro,MD,Moldova,1999-S2,,2,,,,,
dataflow,ESTAT:EARN_MW_CUR(1.0),Monthly minimum wages - bi-annual data,S,"Half-yearly, semesterly",EUR,Euro,MD,Moldova,2000-S1,,2,,,,,
dataflow,ESTAT:EARN_MW_CUR(1.0),Monthly minimum wages - bi-annual data,S,"Half-yearly, semesterly",EUR,Euro,MD,Moldova,2000-S2,,2,,,,,
dataflow,ESTAT:EARN_MW_CUR(1.0),Monthly minimum wages - bi-annual data,S,"Half-yearly, semesterly",EUR,Euro,MD,Moldova,2001-S1,,9,,,,,
dataflow,ESTAT:EARN_MW_CUR(1.0),Monthly minimum wages - bi-annual data,S,"Half-yearly, semesterly",EUR,Euro,MD,Moldova,2001-S2,,9,,,,,
dataflow,ESTAT:EARN_MW_CUR(1.0),Monthly minimum wages - bi-annual data,S,"Half-yearly, semesterly",EUR,Euro,MD,Moldova,2002-S1,,9,,,,,
dataflow,ESTAT:EARN_MW_CUR(1.0),Monthly minimum wages - bi-annual data,S,"Half-yearly, semesterly",EUR,Euro,MD,Moldova,2002-S2,,7,,,,,
dataflow,ESTAT:EARN_MW_CUR(1.0),Monthly minimum wages - bi-annual data,S,"Half-yearly, semesterly",EUR,Euro,MD,Moldova,2003-S1,,7,,,,,
dataflow,ESTAT:EARN_MW_CUR(1.0),Monthly minimum wages - bi-annual data,S,"Half-yearly, semesterly",EUR,Euro,MD,Moldova,2003-S2,,6,,,,,
dataflow,ESTAT:EARN_MW_CUR(1.0),Monthly minimum wages - bi-annual data,S,"Half-yearly, semesterly",EUR,Euro,MD,Moldova,2004-S1,,6,,,,,
dataflow,ESTAT:EARN_MW_CUR(1.0),Monthly minimum wages - bi-annual data,S,"Half-yearly, semesterly",EUR,Euro,MD,Moldova,2004-S2,,7,,,,,
dataflow,ESTAT:EARN_MW_CUR(1.0),Monthly minimum wages - bi-annual data,S,"Half-yearly, semesterly",EUR,Euro,MD,Moldova,2005-S1,,12,,,,,
dataflow,ESTAT:EARN_MW_CUR(1.0),Monthly minimum wages - bi-annual data,S,"Half-yearly, semesterly",EUR,Euro,MD,Moldova,2005-S2,,13,,,,,
dataflow,ESTAT:EARN_MW_CUR(1.0),Monthly minimum wages - bi-annual data,S,"Half-yearly, semesterly",EUR,Euro,MD,Moldova,2006-S1,,13,,,,,
dataflow,ESTAT:EARN_MW_CUR(1.0),Monthly minimum wages - bi-annual data,S,"Half-yearly, semesterly",EUR,Euro,MD,Moldova,2006-S2,,12,,,,,
dataflow,ESTAT:EARN_MW_CUR(1.0),Monthly minimum wages - bi-annual data,S,"Half-yearly, semesterly",EUR,Euro,MD,Moldova,2007-S1,,12,,,,,
dataflow,ESTAT:EARN_MW_CUR(1.0),Monthly minimum wages - bi-annual data,S,"Half-yearly, semesterly",EUR,Euro,MD,Moldova,2007-S2,,24,,,,,
dataflow,ESTAT:EARN_MW_CUR(1.0),Monthly minimum wages - bi-annual data,S,"Half-yearly, semesterly",EUR,Euro,MD,Moldova,2008-S1,,24,,,,,
dataflow,ESTAT:EARN_MW_CUR(1.0),Monthly minimum wages - bi-annual data,S,"Half-yearly, semesterly",EUR,Euro,MD,Moldova,2008-S2,,26,,,,,
dataflow,ESTAT:EARN_MW_CUR(1.0),Monthly minimum wages - bi-annual data,S,"Half-yearly, semesterly",EUR,Euro,MD,Moldova,2009-S1,,41,,,,,
dataflow,ESTAT:EARN_MW_CUR(1.0),Monthly minimum wages - bi-annual data,S,"Half-yearly, semesterly",EUR,Euro,MD,Moldova,2009-S2,,38,,,,,
dataflow,ESTAT:EARN_MW_CUR(1.0),Monthly minimum wages - bi-annual data,S,"Half-yearly, semesterly",EUR,Euro,MD,Moldova,2010-S1,,34,,,,,
dataflow,ESTAT:EARN_MW_CUR(1.0),Monthly minimum wages - bi-annual data,S,"Half-yearly, semesterly",EUR,Euro,MD,Moldova,2010-S2,,38,,,,,
dataflow,ESTAT:EARN_MW_CUR(1.0),Monthly minimum wages - bi-annual data,S,"Half-yearly, semesterly",EUR,Euro,MD,Moldova,2011-S1,,37,,,,,
dataflow,ESTAT:EARN_MW_CUR(1.0),Monthly minimum wages - bi-annual data,S,"Half-yearly, semesterly",EUR,Euro,MD,Moldova,2011-S2,,36,,,,,
dataflow,ESTAT:EARN_MW_CUR(1.0),Monthly minimum wages - bi-annual data,S,"Half-yearly, semesterly",EUR,Euro,MD,Moldova,2012-S1,,40,,,,,
dataflow,ESTAT:EARN_MW_CUR(1.0),Monthly minimum wages - bi-annual data,S,"Half-yearly, semesterly",EUR,Euro,MD,Moldova,2012-S2,,39,,,,,
dataflow,ESTAT:EARN_MW_CUR(1.0),Monthly minimum wages - bi-annual data,S,"Half-yearly, semesterly",EUR,Euro,MD,Moldova,2013-S1,,38,,,,,
dataflow,ESTAT:EARN_MW_CUR(1.0),Monthly minimum wages - bi-annual data,S,"Half-yearly, semesterly",EUR,Euro,MD,Moldova,2013-S2,,37,,,,,
dataflow,ESTAT:EARN_MW_CUR(1.0),Monthly minimum wages - bi-annual data,S,"Half-yearly, semesterly",EUR,Euro,MD,Moldova,2014-S1,,33,,,,,
dataflow,ESTAT:EARN_MW_CUR(1.0),Monthly minimum wages - bi-annual data,S,"Half-yearly, semesterly",EUR,Euro,MD,Moldova,2014-S2,,31,,,,,
dataflow,ESTAT:EARN_MW_CUR(1.0),Monthly minimum wages - bi-annual data,S,"Half-yearly, semesterly",EUR,Euro,MD,Moldova,2015-S1,,53,,,,,
dataflow,ESTAT:EARN_MW_CUR(1.0),Monthly minimum wages - bi-annual data,S,"Half-yearly, semesterly",EUR,Euro,MD,Moldova,2015-S2,,48,,,,,
dataflow,ESTAT:EARN_MW_CUR(1.0),Monthly minimum wages - bi-annual data,S,"Half-yearly, semesterly",EUR,Euro,MD,Moldova,2016-S1,,47,,,,,
dataflow,ESTAT:EARN_MW_CUR(1.0),Monthly minimum wages - bi-annual data,S,"Half-yearly, semesterly",EUR,Euro,MD,Moldova,2016-S2,,45,,,,,
dataflow,ESTAT:EARN_MW_CUR(1.0),Monthly minimum wages - bi-annual data,S,"Half-yearly, semesterly",EUR,Euro,MD,Moldova,2017-S1,,48,,,,,
dataflow,ESTAT:EARN_MW_CUR(1.0),Monthly minimum wages - bi-annual data,S,"Half-yearly, semesterly",EUR,Euro,MD,Moldova,2017-S2,,48,,,,,
dataflow,ESTAT:EARN_MW_CUR(1.0),Monthly minimum wages - bi-annual data,S,"Half-yearly, semesterly",EUR,Euro,MD,Moldova,2018-S1,,49,,,,,
dataflow,ESTAT:EARN_MW_CUR(1.0),Monthly minimum wages - bi-annual data,S,"Half-yearly, semesterly",EUR,Euro,MD,Moldova,2018-S2,,51,,,,,
dataflow,ESTAT:EARN_MW_CUR(1.0),Monthly minimum wages - bi-annual data,S,"Half-yearly, semesterly",EUR,Euro,MD,Moldova,2019-S1,,51,,,,,
dataflow,ESTAT:EARN_MW_CUR(1.0),Monthly minimum wages - bi-annual data,S,"Half-yearly, semesterly",EUR,Euro,MD,Moldova,2019-S2,,48,,,,,
dataflow,ESTAT:EARN_MW_CUR(1.0),Monthly minimum wages - bi-annual data,S,"Half-yearly, semesterly",EUR,Euro,MD,Moldova,2020-S1,,52,,,,,
dataflow,ESTAT:EARN_MW_CUR(1.0),Monthly minimum wages - bi-annual data,S,"Half-yearly, semesterly",EUR,Euro,MD,Moldova,2020-S2,,51,,,,,
dataflow,ESTAT:EARN_MW_CUR(1.0),Monthly minimum wages - bi-annual data,S,"Half-yearly, semesterly",EUR,Euro,MD,Moldova,2021-S1,,47,,,,,
dataflow,ESTAT:EARN_MW_CUR(1.0),Monthly minimum wages - bi-annual data,S,"Half-yearly, semesterly",EUR,Euro,MD,Moldova,2021-S2,,47,,,,,
dataflow,ESTAT:EARN_MW_CUR(1.0),Monthly minimum wages - bi-annual data,S,"Half-yearly, semesterly",EUR,Euro,MD,Moldova,2022-S1,,50,,,,,
dataflow,ESTAT:EARN_MW_CUR(1.0),Monthly minimum wages - bi-annual data,S,"Half-yearly, semesterly",EUR,Euro,MD,Moldova,2022-S2,,50,,,,,
dataflow,ESTAT:EARN_MW_CUR(1.0),Monthly minimum wages - bi-annual data,S,"Half-yearly, semesterly",EUR,Euro,MD,Moldova,2023-S1,,196,,,,,
dataflow,ESTAT:EARN_MW_CUR(1.0),Monthly minimum wages - bi-annual data,S,"Half-yearly, semesterly",EUR,Euro,MD,Moldova,2023-S2,,200,,,,,
dataflow,ESTAT:EARN_MW_CUR(1.0),Monthly minimum wages - bi-annual data,S,"Half-yearly, semesterly",EUR,Euro,MD,Moldova,2024-S1,,258,,,,,
dataflow,ESTAT:EARN_MW_CUR(1.0),Monthly minimum wages - bi-annual data,S,"Half-yearly, semesterly",EUR,Euro,MD,Moldova,2024-S2,,261,,,,,
dataflow,ESTAT:EARN_MW_CUR(1.0),Monthly minimum wages - bi-annual data,S,"Half-yearly, semesterly",EUR,Euro,MD,Moldova,2025-S1,,285,,,,,
dataflow,ESTAT:EARN_MW_CUR(1.0),Monthly minimum wages - bi-annual data,S,"Half-yearly, semesterly",EUR,Euro,MD,Moldova,2025-S2,,285,,,,,
dataflow,ESTAT:EARN_MW_CUR(1.0),Monthly minimum wages - bi-annual data,S,"Half-yearly, semesterly",EUR,Euro,ME,Montenegro,2013-S2,,288,,,,,
dataflow,ESTAT:EARN_MW_CUR(1.0),Monthly minimum wages - bi-annual data,S,"Half-yearly, semesterly",EUR,Euro,ME,Montenegro,2014-S1,,288,,,,,
dataflow,ESTAT:EARN_MW_CUR(1.0),Monthly minimum wages - bi-annual data,S,"Half-yearly, semesterly",EUR,Euro,ME,Montenegro,2014-S2,,288,,,,,
dataflow,ESTAT:EARN_MW_CUR(1.0),Monthly minimum wages - bi-annual data,S,"Half-yearly, semesterly",EUR,Euro,ME,Montenegro,2015-S1,,288,,,,,
dataflow,ESTAT:EARN_MW_CUR(1.0),Monthly minimum wages - bi-annual data,S,"Half-yearly, semesterly",EUR,Euro,ME,Montenegro,2015-S2,,288,,,,,
dataflow,ESTAT:EARN_MW_CUR(1.0),Monthly minimum wages - bi-annual data,S,"Half-yearly, semesterly",EUR,Euro,ME,Montenegro,2016-S1,,288,,,,,
dataflow,ESTAT:EARN_MW_CUR(1.0),Monthly minimum wages - bi-annual data,S,"Half-yearly, semesterly",EUR,Euro,ME,Montenegro,2016-S2,,288,,,,,
dataflow,ESTAT:EARN_MW_CUR(1.0),Monthly minimum wages - bi-annual data,S,"Half-yearly, semesterly",EUR,Euro,ME,Montenegro,2017-S1,,288,,,,,
dataflow,ESTAT:EARN_MW_CUR(1.0),Monthly minimum wages - bi-annual data,S,"Half-yearly, semesterly",EUR,Euro,ME,Montenegro,2017-S2,,288,,,,,
dataflow,ESTAT:EARN_MW_CUR(1.0),Monthly minimum wages - bi-annual data,S,"Half-yearly, semesterly",EUR,Euro,ME,Montenegro,2018-S1,,288,,,,,
dataflow,ESTAT:EARN_MW_CUR(1.0),Monthly minimum wages - bi-annual data,S,"Half-yearly, semesterly",EUR,Euro,ME,Montenegro,2018-S2,,288,,,,,
dataflow,ESTAT:EARN_MW_CUR(1.0),Monthly minimum wages - bi-annual data,S,"Half-yearly, semesterly",EUR,Euro,ME,Montenegro,2019-S1,,288,,,,,
dataflow,ESTAT:EARN_MW_CUR(1.0),Monthly minimum wages - bi-annual data,S,"Half-yearly, semesterly",EUR,Euro,ME,Montenegro,2019-S2,,331,,,,,
dataflow,ESTAT:EARN_MW_CUR(1.0),Monthly minimum wages - bi-annual data,S,"Half-yearly, semesterly",EUR,Euro,ME,Montenegro,2020-S1,,331,,,,,
dataflow,ESTAT:EARN_MW_CUR(1.0),Monthly minimum wages - bi-annual data,S,"Half-yearly, semesterly",EUR,Euro,ME,Montenegro,2020-S2,,331,,,,,
dataflow,ESTAT:EARN_MW_CUR(1.0),Monthly minimum wages - bi-annual data,S,"Half-yearly, semesterly",EUR,Euro,ME,Montenegro,2021-S1,,331,,,,,
dataflow,ESTAT:EARN_MW_CUR(1.0),Monthly minimum wages - bi-annual data,S,"Half-yearly, semesterly",EUR,Euro,ME,Montenegro,2021-S2,,331,,,,,
dataflow,ESTAT:EARN_MW_CUR(1.0),Monthly minimum wages - bi-annual data,S,"Half-yearly, semesterly",EUR,Euro,ME,Montenegro,2022-S1,,533,,,,,
dataflow,ESTAT:EARN_MW_CUR(1.0),Monthly minimum wages - bi-annual data,S,"Half-yearly, semesterly",EUR,Euro,ME,Montenegro,2022-S2,,533,,,,,
dataflow,ESTAT:EARN_MW_CUR(1.0),Monthly minimum wages - bi-annual data,S,"Half-yearly, semesterly",EUR,Euro,ME,Montenegro,2023-S1,,533,,,,,
dataflow,ESTAT:EARN_MW_CUR(1.0),Monthly minimum wages - bi-annual data,S,"Half-yearly, semesterly",EUR,Euro,ME,Montenegro,2023-S2,,533,,,,,
dataflow,ESTAT:EARN_MW_CUR(1.0),Monthly minimum wages - bi-annual data,S,"Half-yearly, semesterly",EUR,Euro,ME,Montenegro,2024-S1,,533,,,,,
dataflow,ESTAT:EARN_MW_CUR(1.0),Monthly minimum wages - bi-annual data,S,"Half-yearly, semesterly",EUR,Euro,ME,Montenegro,2024-S2,,533,,,,,
dataflow,ESTAT:EARN_MW_CUR(1.0),Monthly minimum wages - bi-annual data,S,"Half-yearly, semesterly",EUR,Euro,ME,Montenegro,2025-S1,,670,,,,,
dataflow,ESTAT:EARN_MW_CUR(1.0),Monthly minimum wages - bi-annual data,S,"Half-yearly, semesterly",EUR,Euro,ME,Montenegro,2025-S2,,670,,,,,
dataflow,ESTAT:EARN_MW_CUR(1.0),Monthly minimum wages - bi-annual data,S,"Half-yearly, semesterly",EUR,Euro,MK,North Macedonia,2013-S1,,199,,,,,
dataflow,ESTAT:EARN_MW_CUR(1.0),Monthly minimum wages - bi-annual data,S,"Half-yearly, semesterly",EUR,Euro,MK,North Macedonia,2013-S2,,199,,,,,
dataflow,ESTAT:EARN_MW_CUR(1.0),Monthly minimum wages - bi-annual data,S,"Half-yearly, semesterly",EUR,Euro,MK,North Macedonia,2014-S1,,213,,,,,
dataflow,ESTAT:EARN_MW_CUR(1.0),Monthly minimum wages - bi-annual data,S,"Half-yearly, semesterly",EUR,Euro,MK,North Macedonia,2014-S2,,214,,,,,
dataflow,ESTAT:EARN_MW_CUR(1.0),Monthly minimum wages - bi-annual data,S,"Half-yearly, semesterly",EUR,Euro,MK,North Macedonia,2015-S1,,213,,,,,
dataflow,ESTAT:EARN_MW_CUR(1.0),Monthly minimum wages - bi-annual data,S,"Half-yearly, semesterly",EUR,Euro,MK,North Macedonia,2015-S2,,227,,,,,
dataflow,ESTAT:EARN_MW_CUR(1.0),Monthly minimum wages - bi-annual data,S,"Half-yearly, semesterly",EUR,Euro,MK,North Macedonia,2016-S1,,227,,,,,
dataflow,ESTAT:EARN_MW_CUR(1.0),Monthly minimum wages - bi-annual data,S,"Half-yearly, semesterly",EUR,Euro,MK,North Macedonia,2016-S2,,237,,,,,
dataflow,ESTAT:EARN_MW_CUR(1.0),Monthly minimum wages - bi-annual data,S,"Half-yearly, semesterly",EUR,Euro,MK,North Macedonia,2017-S1,,240,,,,,
dataflow,ESTAT:EARN_MW_CUR(1.0),Monthly minimum wages - bi-annual data,S,"Half-yearly, semesterly",EUR,Euro,MK,North Macedonia,2017-S2,,279,,,,,
dataflow,ESTAT:EARN_MW_CUR(1.0),Monthly minimum wages - bi-annual data,S,"Half-yearly, semesterly",EUR,Euro,MK,North Macedonia,2018-S1,,279,,,,,
dataflow,ESTAT:EARN_MW_CUR(1.0),Monthly minimum wages - bi-annual data,S,"Half-yearly, semesterly",EUR,Euro,MK,North Macedonia,2018-S2,,279,,,,,
dataflow,ESTAT:EARN_MW_CUR(1.0),Monthly minimum wages - bi-annual data,S,"Half-yearly, semesterly",EUR,Euro,MK,North Macedonia,2019-S1,,291,,,,,
dataflow,ESTAT:EARN_MW_CUR(1.0),Monthly minimum wages - bi-annual data,S,"Half-yearly, semesterly",EUR,Euro,MK,North Macedonia,2019-S2,,341,,,,,
dataflow,ESTAT:EARN_MW_CUR(1.0),Monthly minimum wages - bi-annual data,S,"Half-yearly, semesterly",EUR,Euro,MK,North Macedonia,2020-S1,,342,,,,,
dataflow,ESTAT:EARN_MW_CUR(1.0),Monthly minimum wages - bi-annual data,S,"Half-yearly, semesterly",EUR,Euro,MK,North Macedonia,2020-S2,,342,,,,,
dataflow,ESTAT:EARN_MW_CUR(1.0),Monthly minimum wages - bi-annual data,S,"Half-yearly, semesterly",EUR,Euro,MK,North Macedonia,2021-S1,,353,,,,,
dataflow,ESTAT:EARN_MW_CUR(1.0),Monthly minimum wages - bi-annual data,S,"Half-yearly, semesterly",EUR,Euro,MK,North Macedonia,2021-S2,,359,,,,,
dataflow,ESTAT:EARN_MW_CUR(1.0),Monthly minimum wages - bi-annual data,S,"Half-yearly, semesterly",EUR,Euro,MK,North Macedonia,2022-S1,,359,,,,,
dataflow,ESTAT:EARN_MW_CUR(1.0),Monthly minimum wages - bi-annual data,S,"Half-yearly, semesterly",EUR,Euro,MK,North Macedonia,2022-S2,,430,,,,,
dataflow,ESTAT:EARN_MW_CUR(1.0),Monthly minimum wages - bi-annual data,S,"Half-yearly, semesterly",EUR,Euro,MK,North Macedonia,2023-S1,,429,,,,,
dataflow,ESTAT:EARN_MW_CUR(1.0),Monthly minimum wages - bi-annual data,S,"Half-yearly, semesterly",EUR,Euro,MK,North Macedonia,2023-S2,,484,,,,,
dataflow,ESTAT:EARN_MW_CUR(1.0),Monthly minimum wages - bi-annual data,S,"Half-yearly, semesterly",EUR,Euro,MK,North Macedonia,2024-S1,,483,,,,,
dataflow,ESTAT:EARN_MW_CUR(1.0),Monthly minimum wages - bi-annual data,S,"Half-yearly, semesterly",EUR,Euro,MK,North Macedonia,2024-S2,,542,,,,,
dataflow,ESTAT:EARN_MW_CUR(1.0),Monthly minimum wages - bi-annual data,S,"Half-yearly, semesterly",EUR,Euro,MK,North Macedonia,2025-S1,,541,,,,,
dataflow,ESTAT:EARN_MW_CUR(1.0),Monthly minimum wages - bi-annual data,S,"Half-yearly, semesterly",EUR,Euro,MK,North Macedonia,2025-S2,,584,,,,,
dataflow,ESTAT:EARN_MW_CUR(1.0),Monthly minimum wages - bi-annual data,S,"Half-yearly, semesterly",EUR,Euro,MT,Malta,1999-S1,,465,,,,,
dataflow,ESTAT:EARN_MW_CUR(1.0),Monthly minimum wages - bi-annual data,S,"Half-yearly, semesterly",EUR,Euro,MT,Malta,1999-S2,,483,,,,,
dataflow,ESTAT:EARN_MW_CUR(1.0),Monthly minimum wages - bi-annual data,S,"Half-yearly, semesterly",EUR,Euro,MT,Malta,2000-S1,,505,,,,,
dataflow,ESTAT:EARN_MW_CUR(1.0),Monthly minimum wages - bi-annual data,S,"Half-yearly, semesterly",EUR,Euro,MT,Malta,2000-S2,,510,,,,,
dataflow,ESTAT:EARN_MW_CUR(1.0),Monthly minimum wages - bi-annual data,S,"Half-yearly, semesterly",EUR,Euro,MT,Malta,2001-S1,,530,,,,,
dataflow,ESTAT:EARN_MW_CUR(1.0),Monthly minimum wages - bi-annual data,S,"Half-yearly, semesterly",EUR,Euro,MT,Malta,2001-S2,,548,,,,,
dataflow,ESTAT:EARN_MW_CUR(1.0),Monthly minimum wages - bi-annual data,S,"Half-yearly, semesterly",EUR,Euro,MT,Malta,2002-S1,,557,,,,,
dataflow,ESTAT:EARN_MW_CUR(1.0),Monthly minimum wages - bi-annual data,S,"Half-yearly, semesterly",EUR,Euro,MT,Malta,2002-S2,,532,,,,,
dataflow,ESTAT:EARN_MW_CUR(1.0),Monthly minimum wages - bi-annual data,S,"Half-yearly, semesterly",EUR,Euro,MT,Malta,2003-S1,,551,,,,,
dataflow,ESTAT:EARN_MW_CUR(1.0),Monthly minimum wages - bi-annual data,S,"Half-yearly, semesterly",EUR,Euro,MT,Malta,2003-S2,,540,,,,,
dataflow,ESTAT:EARN_MW_CUR(1.0),Monthly minimum wages - bi-annual data,S,"Half-yearly, semesterly",EUR,Euro,MT,Malta,2004-S1,,541,,,,,
dataflow,ESTAT:EARN_MW_CUR(1.0),Monthly minimum wages - bi-annual data,S,"Half-yearly, semesterly",EUR,Euro,MT,Malta,2004-S2,,548,,,,,
dataflow,ESTAT:EARN_MW_CUR(1.0),Monthly minimum wages - bi-annual data,S,"Half-yearly, semesterly",EUR,Euro,MT,Malta,2005-S1,,555,,,,,
dataflow,ESTAT:EARN_MW_CUR(1.0),Monthly minimum wages - bi-annual data,S,"Half-yearly, semesterly",EUR,Euro,MT,Malta,2005-S2,,562,,,,,
dataflow,ESTAT:EARN_MW_CUR(1.0),Monthly minimum wages - bi-annual data,S,"Half-yearly, semesterly",EUR,Euro,MT,Malta,2006-S1,,584,,,,,
dataflow,ESTAT:EARN_MW_CUR(1.0),Monthly minimum wages - bi-annual data,S,"Half-yearly, semesterly",EUR,Euro,MT,Malta,2006-S2,,584,,,,,
dataflow,ESTAT:EARN_MW_CUR(1.0),Monthly minimum wages - bi-annual data,S,"Half-yearly, semesterly",EUR,Euro,MT,Malta,2007-S1,,602,,,,,
dataflow,ESTAT:EARN_MW_CUR(1.0),Monthly minimum wages - bi-annual data,S,"Half-yearly, semesterly",EUR,Euro,MT,Malta,2007-S2,,602,,,,,
dataflow,ESTAT:EARN_MW_CUR(1.0),Monthly minimum wages - bi-annual data,S,"Half-yearly, semesterly",EUR,Euro,MT,Malta,2008-S1,,617,,,,,
dataflow,ESTAT:EARN_MW_CUR(1.0),Monthly minimum wages - bi-annual data,S,"Half-yearly, semesterly",EUR,Euro,MT,Malta,2008-S2,,617,,,,,
dataflow,ESTAT:EARN_MW_CUR(1.0),Monthly minimum wages - bi-annual data,S,"Half-yearly, semesterly",EUR,Euro,MT,Malta,2009-S1,,635,,,,,
dataflow,ESTAT:EARN_MW_CUR(1.0),Monthly minimum wages - bi-annual data,S,"Half-yearly, semesterly",EUR,Euro,MT,Malta,2009-S2,,635,,,,,
dataflow,ESTAT:EARN_MW_CUR(1.0),Monthly minimum wages - bi-annual data,S,"Half-yearly, semesterly",EUR,Euro,MT,Malta,2010-S1,,660,,,,,
dataflow,ESTAT:EARN_MW_CUR(1.0),Monthly minimum wages - bi-annual data,S,"Half-yearly, semesterly",EUR,Euro,MT,Malta,2010-S2,,660,,,,,
dataflow,ESTAT:EARN_MW_CUR(1.0),Monthly minimum wages - bi-annual data,S,"Half-yearly, semesterly",EUR,Euro,MT,Malta,2011-S1,,665,,,,,
dataflow,ESTAT:EARN_MW_CUR(1.0),Monthly minimum wages - bi-annual data,S,"Half-yearly, semesterly",EUR,Euro,MT,Malta,2011-S2,,665,,,,,
dataflow,ESTAT:EARN_MW_CUR(1.0),Monthly minimum wages - bi-annual data,S,"Half-yearly, semesterly",EUR,Euro,MT,Malta,2012-S1,,685,,,,,
dataflow,ESTAT:EARN_MW_CUR(1.0),Monthly minimum wages - bi-annual data,S,"Half-yearly, semesterly",EUR,Euro,MT,Malta,2012-S2,,685,,,,,
dataflow,ESTAT:EARN_MW_CUR(1.0),Monthly minimum wages - bi-annual data,S,"Half-yearly, semesterly",EUR,Euro,MT,Malta,2013-S1,,703,,,,,
dataflow,ESTAT:EARN_MW_CUR(1.0),Monthly minimum wages - bi-annual data,S,"Half-yearly, semesterly",EUR,Euro,MT,Malta,2013-S2,,703,,,,,
dataflow,ESTAT:EARN_MW_CUR(1.0),Monthly minimum wages - bi-annual data,S,"Half-yearly, semesterly",EUR,Euro,MT,Malta,2014-S1,,718,,,,,
dataflow,ESTAT:EARN_MW_CUR(1.0),Monthly minimum wages - bi-annual data,S,"Half-yearly, semesterly",EUR,Euro,MT,Malta,2014-S2,,718,,,,,
dataflow,ESTAT:EARN_MW_CUR(1.0),Monthly minimum wages - bi-annual data,S,"Half-yearly, semesterly",EUR,Euro,MT,Malta,2015-S1,,720,,,,,
dataflow,ESTAT:EARN_MW_CUR(1.0),Monthly minimum wages - bi-annual data,S,"Half-yearly, semesterly",EUR,Euro,MT,Malta,2015-S2,,720,,,,,
dataflow,ESTAT:EARN_MW_CUR(1.0),Monthly minimum wages - bi-annual data,S,"Half-yearly, semesterly",EUR,Euro,MT,Malta,2016-S1,,728,,,,,
dataflow,ESTAT:EARN_MW_CUR(1.0),Monthly minimum wages - bi-annual data,S,"Half-yearly, semesterly",EUR,Euro,MT,Malta,2016-S2,,728,,,,,
dataflow,ESTAT:EARN_MW_CUR(1.0),Monthly minimum wages - bi-annual data,S,"Half-yearly, semesterly",EUR,Euro,MT,Malta,2017-S1,,736,,,,,
dataflow,ESTAT:EARN_MW_CUR(1.0),Monthly minimum wages - bi-annual data,S,"Half-yearly, semesterly",EUR,Euro,MT,Malta,2017-S2,,736,,,,,
dataflow,ESTAT:EARN_MW_CUR(1.0),Monthly minimum wages - bi-annual data,S,"Half-yearly, semesterly",EUR,Euro,MT,Malta,2018-S1,,748,,,,,
dataflow,ESTAT:EARN_MW_CUR(1.0),Monthly minimum wages - bi-annual data,S,"Half-yearly, semesterly",EUR,Euro,MT,Malta,2018-S2,,748,,,,,
dataflow,ESTAT:EARN_MW_CUR(1.0),Monthly minimum wages - bi-annual data,S,"Half-yearly, semesterly",EUR,Euro,MT,Malta,2019-S1,,762,,,,,
dataflow,ESTAT:EARN_MW_CUR(1.0),Monthly minimum wages - bi-annual data,S,"Half-yearly, semesterly",EUR,Euro,MT,Malta,2019-S2,,762,,,,,
dataflow,ESTAT:EARN_MW_CUR(1.0),Monthly minimum wages - bi-annual data,S,"Half-yearly, semesterly",EUR,Euro,MT,Malta,2020-S1,,777,,,,,
dataflow,ESTAT:EARN_MW_CUR(1.0),Monthly minimum wages - bi-annual data,S,"Half-yearly, semesterly",EUR,Euro,MT,Malta,2020-S2,,777,,,,,
dataflow,ESTAT:EARN_MW_CUR(1.0),Monthly minimum wages - bi-annual data,S,"Half-yearly, semesterly",EUR,Euro,MT,Malta,2021-S1,,785,,,,,
dataflow,ESTAT:EARN_MW_CUR(1.0),Monthly minimum wages - bi-annual data,S,"Half-yearly, semesterly",EUR,Euro,MT,Malta,2021-S2,,785,,,,,
dataflow,ESTAT:EARN_MW_CUR(1.0),Monthly minimum wages - bi-annual data,S,"Half-yearly, semesterly",EUR,Euro,MT,Malta,2022-S1,,792,,,,,
dataflow,ESTAT:EARN_MW_CUR(1.0),Monthly minimum wages - bi-annual data,S,"Half-yearly, semesterly",EUR,Euro,MT,Malta,2022-S2,,792,,,,,
dataflow,ESTAT:EARN_MW_CUR(1.0),Monthly minimum wages - bi-annual data,S,"Half-yearly, semesterly",EUR,Euro,MT,Malta,2023-S1,,835,,,,,
dataflow,ESTAT:EARN_MW_CUR(1.0),Monthly minimum wages - bi-annual data,S,"Half-yearly, semesterly",EUR,Euro,MT,Malta,2023-S2,,835,,,,,
dataflow,ESTAT:EARN_MW_CUR(1.0),Monthly minimum wages - bi-annual data,S,"Half-yearly, semesterly",EUR,Euro,MT,Malta,2024-S1,,925,,,,,
dataflow,ESTAT:EARN_MW_CUR(1.0),Monthly minimum wages - bi-annual data,S,"Half-yearly, semesterly",EUR,Euro,MT,Malta,2024-S2,,925,,,,,
dataflow,ESTAT:EARN_MW_CUR(1.0),Monthly minimum wages - bi-annual data,S,"Half-yearly, semesterly",EUR,Euro,MT,Malta,2025-S1,,961,,,,,
dataflow,ESTAT:EARN_MW_CUR(1.0),Monthly minimum wages - bi-annual data,S,"Half-yearly, semesterly",EUR,Euro,MT,Malta,2025-S2,,961,,,,,
dataflow,ESTAT:EARN_MW_CUR(1.0),Monthly minimum wages - bi-annual data,S,"Half-yearly, semesterly",EUR,Euro,NL,Netherlands,1999-S1,,1064,,,,,
dataflow,ESTAT:EARN_MW_CUR(1.0),Monthly minimum wages - bi-annual data,S,"Half-yearly, semesterly",EUR,Euro,NL,Netherlands,1999-S2,,1078,,,,,
dataflow,ESTAT:EARN_MW_CUR(1.0),Monthly minimum wages - bi-annual data,S,"Half-yearly, semesterly",EUR,Euro,NL,Netherlands,2000-S1,,1092,,,,,
dataflow,ESTAT:EARN_MW_CUR(1.0),Monthly minimum wages - bi-annual data,S,"Half-yearly, semesterly",EUR,Euro,NL,Netherlands,2000-S2,,1111,,,,,
dataflow,ESTAT:EARN_MW_CUR(1.0),Monthly minimum wages - bi-annual data,S,"Half-yearly, semesterly",EUR,Euro,NL,Netherlands,2001-S1,,1155,,,,,
dataflow,ESTAT:EARN_MW_CUR(1.0),Monthly minimum wages - bi-annual data,S,"Half-yearly, semesterly",EUR,Euro,NL,Netherlands,2001-S2,,1180,,,,,
dataflow,ESTAT:EARN_MW_CUR(1.0),Monthly minimum wages - bi-annual data,S,"Half-yearly, semesterly",EUR,Euro,NL,Netherlands,2002-S1,,1207,,,,,
dataflow,ESTAT:EARN_MW_CUR(1.0),Monthly minimum wages - bi-annual data,S,"Half-yearly, semesterly",EUR,Euro,NL,Netherlands,2002-S2,,1232,,,,,
dataflow,ESTAT:EARN_MW_CUR(1.0),Monthly minimum wages - bi-annual data,S,"Half-yearly, semesterly",EUR,Euro,NL,Netherlands,2003-S1,,1249,,,,,
dataflow,ESTAT:EARN_MW_CUR(1.0),Monthly minimum wages - bi-annual data,S,"Half-yearly, semesterly",EUR,Euro,NL,Netherlands,2003-S2,,1265,,,,,
dataflow,ESTAT:EARN_MW_CUR(1.0),Monthly minimum wages - bi-annual data,S,"Half-yearly, semesterly",EUR,Euro,NL,Netherlands,2004-S1,,1265,,,,,
dataflow,ESTAT:EARN_MW_CUR(1.0),Monthly minimum wages - bi-annual data,S,"Half-yearly, semesterly",EUR,Euro,NL,Netherlands,2004-S2,,1265,,,,,
dataflow,ESTAT:EARN_MW_CUR(1.0),Monthly minimum wages - bi-annual data,S,"Half-yearly, semesterly",EUR,Euro,NL,Netherlands,2005-S1,,1265,,,,,
dataflow,ESTAT:EARN_MW_CUR(1.0),Monthly minimum wages - bi-annual data,S,"Half-yearly, semesterly",EUR,Euro,NL,Netherlands,2005-S2,,1265,,,,,
dataflow,ESTAT:EARN_MW_CUR(1.0),Monthly minimum wages - bi-annual data,S,"Half-yearly, semesterly",EUR,Euro,NL,Netherlands,2006-S1,,1273,,,,,
dataflow,ESTAT:EARN_MW_CUR(1.0),Monthly minimum wages - bi-annual data,S,"Half-yearly, semesterly",EUR,Euro,NL,Netherlands,2006-S2,,1285,,,,,
dataflow,ESTAT:EARN_MW_CUR(1.0),Monthly minimum wages - bi-annual data,S,"Half-yearly, semesterly",EUR,Euro,NL,Netherlands,2007-S1,,1301,,,,,
dataflow,ESTAT:EARN_MW_CUR(1.0),Monthly minimum wages - bi-annual data,S,"Half-yearly, semesterly",EUR,Euro,NL,Netherlands,2007-S2,,1317,,,,,
dataflow,ESTAT:EARN_MW_CUR(1.0),Monthly minimum wages - bi-annual data,S,"Half-yearly, semesterly",EUR,Euro,NL,Netherlands,2008-S1,,1335,,,,,
dataflow,ESTAT:EARN_MW_CUR(1.0),Monthly minimum wages - bi-annual data,S,"Half-yearly, semesterly",EUR,Euro,NL,Netherlands,2008-S2,,1357,,,,,
dataflow,ESTAT:EARN_MW_CUR(1.0),Monthly minimum wages - bi-annual data,S,"Half-yearly, semesterly",EUR,Euro,NL,Netherlands,2009-S1,,1381,,,,,
dataflow,ESTAT:EARN_MW_CUR(1.0),Monthly minimum wages - bi-annual data,S,"Half-yearly, semesterly",EUR,Euro,NL,Netherlands,2009-S2,,1399,,,,,
dataflow,ESTAT:EARN_MW_CUR(1.0),Monthly minimum wages - bi-annual data,S,"Half-yearly, semesterly",EUR,Euro,NL,Netherlands,2010-S1,,1408,,,,,
dataflow,ESTAT:EARN_MW_CUR(1.0),Monthly minimum wages - bi-annual data,S,"Half-yearly, semesterly",EUR,Euro,NL,Netherlands,2010-S2,,1416,,,,,
dataflow,ESTAT:EARN_MW_CUR(1.0),Monthly minimum wages - bi-annual data,S,"Half-yearly, semesterly",EUR,Euro,NL,Netherlands,2011-S1,,1424,,,,,
dataflow,ESTAT:EARN_MW_CUR(1.0),Monthly minimum wages - bi-annual data,S,"Half-yearly, semesterly",EUR,Euro,NL,Netherlands,2011-S2,,1435,,,,,
dataflow,ESTAT:EARN_MW_CUR(1.0),Monthly minimum wages - bi-annual data,S,"Half-yearly, semesterly",EUR,Euro,NL,Netherlands,2012-S1,,1447,,,,,
dataflow,ESTAT:EARN_MW_CUR(1.0),Monthly minimum wages - bi-annual data,S,"Half-yearly, semesterly",EUR,Euro,NL,Netherlands,2012-S2,,1456,,,,,
dataflow,ESTAT:EARN_MW_CUR(1.0),Monthly minimum wages - bi-annual data,S,"Half-yearly, semesterly",EUR,Euro,NL,Netherlands,2013-S1,,1469,,,,,
dataflow,ESTAT:EARN_MW_CUR(1.0),Monthly minimum wages - bi-annual data,S,"Half-yearly, semesterly",EUR,Euro,NL,Netherlands,2013-S2,,1478,,,,,
dataflow,ESTAT:EARN_MW_CUR(1.0),Monthly minimum wages - bi-annual data,S,"Half-yearly, semesterly",EUR,Euro,NL,Netherlands,2014-S1,,1486,,,,,
dataflow,ESTAT:EARN_MW_CUR(1.0),Monthly minimum wages - bi-annual data,S,"Half-yearly, semesterly",EUR,Euro,NL,Netherlands,2014-S2,,1495,,,,,
dataflow,ESTAT:EARN_MW_CUR(1.0),Monthly minimum wages - bi-annual data,S,"Half-yearly, semesterly",EUR,Euro,NL,Netherlands,2015-S1,,1502,,,,,
dataflow,ESTAT:EARN_MW_CUR(1.0),Monthly minimum wages - bi-annual data,S,"Half-yearly, semesterly",EUR,Euro,NL,Netherlands,2015-S2,,1508,,,,,
dataflow,ESTAT:EARN_MW_CUR(1.0),Monthly minimum wages - bi-annual data,S,"Half-yearly, semesterly",EUR,Euro,NL,Netherlands,2016-S1,,1525,,,,,
dataflow,ESTAT:EARN_MW_CUR(1.0),Monthly minimum wages - bi-annual data,S,"Half-yearly, semesterly",EUR,Euro,NL,Netherlands,2016-S2,,1537,,,,,
dataflow,ESTAT:EARN_MW_CUR(1.0),Monthly minimum wages - bi-annual data,S,"Half-yearly, semesterly",EUR,Euro,NL,Netherlands,2017-S1,,1552,,,,,
dataflow,ESTAT:EARN_MW_CUR(1.0),Monthly minimum wages - bi-annual data,S,"Half-yearly, semesterly",EUR,Euro,NL,Netherlands,2017-S2,,1565,,,,,
dataflow,ESTAT:EARN_MW_CUR(1.0),Monthly minimum wages - bi-annual data,S,"Half-yearly, semesterly",EUR,Euro,NL,Netherlands,2018-S1,,1578,,,,,
dataflow,ESTAT:EARN_MW_CUR(1.0),Monthly minimum wages - bi-annual data,S,"Half-yearly, semesterly",EUR,Euro,NL,Netherlands,2018-S2,,1594,,,,,
dataflow,ESTAT:EARN_MW_CUR(1.0),Monthly minimum wages - bi-annual data,S,"Half-yearly, semesterly",EUR,Euro,NL,Netherlands,2019-S1,,1616,,,,,
dataflow,ESTAT:EARN_MW_CUR(1.0),Monthly minimum wages - bi-annual data,S,"Half-yearly, semesterly",EUR,Euro,NL,Netherlands,2019-S2,,1636,,,,,
dataflow,ESTAT:EARN_MW_CUR(1.0),Monthly minimum wages - bi-annual data,S,"Half-yearly, semesterly",EUR,Euro,NL,Netherlands,2020-S1,,1654,,,,,
dataflow,ESTAT:EARN_MW_CUR(1.0),Monthly minimum wages - bi-annual data,S,"Half-yearly, semesterly",EUR,Euro,NL,Netherlands,2020-S2,,1680,,,,,
dataflow,ESTAT:EARN_MW_CUR(1.0),Monthly minimum wages - bi-annual data,S,"Half-yearly, semesterly",EUR,Euro,NL,Netherlands,2021-S1,,1685,,,,,
dataflow,ESTAT:EARN_MW_CUR(1.0),Monthly minimum wages - bi-annual data,S,"Half-yearly, semesterly",EUR,Euro,NL,Netherlands,2021-S2,,1701,,,,,
dataflow,ESTAT:EARN_MW_CUR(1.0),Monthly minimum wages - bi-annual data,S,"Half-yearly, semesterly",EUR,Euro,NL,Netherlands,2022-S1,,1725,,,,,
dataflow,ESTAT:EARN_MW_CUR(1.0),Monthly minimum wages - bi-annual data,S,"Half-yearly, semesterly",EUR,Euro,NL,Netherlands,2022-S2,,1756,,,,,
dataflow,ESTAT:EARN_MW_CUR(1.0),Monthly minimum wages - bi-annual data,S,"Half-yearly, semesterly",EUR,Euro,NL,Netherlands,2023-S1,,1934,,,,,
dataflow,ESTAT:EARN_MW_CUR(1.0),Monthly minimum wages - bi-annual data,S,"Half-yearly, semesterly",EUR,Euro,NL,Netherlands,2023-S2,,1995,,,,,
dataflow,ESTAT:EARN_MW_CUR(1.0),Monthly minimum wages - bi-annual data,S,"Half-yearly, semesterly",EUR,Euro,NL,Netherlands,2024-S1,,2070,,,,,
dataflow,ESTAT:EARN_MW_CUR(1.0),Monthly minimum wages - bi-annual data,S,"Half-yearly, semesterly",EUR,Euro,NL,Netherlands,2024-S2,,2134,,,,,
dataflow,ESTAT:EARN_MW_CUR(1.0),Monthly minimum wages - bi-annual data,S,"Half-yearly, semesterly",EUR,Euro,NL,Netherlands,2025-S1,,2193,,,,,
dataflow,ESTAT:EARN_MW_CUR(1.0),Monthly minimum wages - bi-annual data,S,"Half-yearly, semesterly",EUR,Euro,NL,Netherlands,2025-S2,,2246,,,,,
dataflow,ESTAT:EARN_MW_CUR(1.0),Monthly minimum wages - bi-annual data,S,"Half-yearly, semesterly",EUR,Euro,PL,Poland,1999-S1,,159,,,,,
dataflow,ESTAT:EARN_MW_CUR(1.0),Monthly minimum wages - bi-annual data,S,"Half-yearly, semesterly",EUR,Euro,PL,Poland,1999-S2,,160,,,,,
dataflow,ESTAT:EARN_MW_CUR(1.0),Monthly minimum wages - bi-annual data,S,"Half-yearly, semesterly",EUR,Euro,PL,Poland,2000-S1,,161,,,,,
dataflow,ESTAT:EARN_MW_CUR(1.0),Monthly minimum wages - bi-annual data,S,"Half-yearly, semesterly",EUR,Euro,PL,Poland,2000-S2,,167,,,,,
dataflow,ESTAT:EARN_MW_CUR(1.0),Monthly minimum wages - bi-annual data,S,"Half-yearly, semesterly",EUR,Euro,PL,Poland,2001-S1,,197,,,,,
dataflow,ESTAT:EARN_MW_CUR(1.0),Monthly minimum wages - bi-annual data,S,"Half-yearly, semesterly",EUR,Euro,PL,Poland,2001-S2,,226,,,,,
dataflow,ESTAT:EARN_MW_CUR(1.0),Monthly minimum wages - bi-annual data,S,"Half-yearly, semesterly",EUR,Euro,PL,Poland,2002-S1,,217,,,,,
dataflow,ESTAT:EARN_MW_CUR(1.0),Monthly minimum wages - bi-annual data,S,"Half-yearly, semesterly",EUR,Euro,PL,Poland,2002-S2,,187,,,,,
dataflow,ESTAT:EARN_MW_CUR(1.0),Monthly minimum wages - bi-annual data,S,"Half-yearly, semesterly",EUR,Euro,PL,Poland,2003-S1,,199,,,,,
dataflow,ESTAT:EARN_MW_CUR(1.0),Monthly minimum wages - bi-annual data,S,"Half-yearly, semesterly",EUR,Euro,PL,Poland,2003-S2,,179,,,,,
dataflow,ESTAT:EARN_MW_CUR(1.0),Monthly minimum wages - bi-annual data,S,"Half-yearly, semesterly",EUR,Euro,PL,Poland,2004-S1,,175,,,,,
dataflow,ESTAT:EARN_MW_CUR(1.0),Monthly minimum wages - bi-annual data,S,"Half-yearly, semesterly",EUR,Euro,PL,Poland,2004-S2,,182,,,,,
dataflow,ESTAT:EARN_MW_CUR(1.0),Monthly minimum wages - bi-annual data,S,"Half-yearly, semesterly",EUR,Euro,PL,Poland,2005-S1,,208,,,,,
dataflow,ESTAT:EARN_MW_CUR(1.0),Monthly minimum wages - bi-annual data,S,"Half-yearly, semesterly",EUR,Euro,PL,Poland,2005-S2,,210,,,,,
dataflow,ESTAT:EARN_MW_CUR(1.0),Monthly minimum wages - bi-annual data,S,"Half-yearly, semesterly",EUR,Euro,PL,Poland,2006-S1,,233,,,,,
dataflow,ESTAT:EARN_MW_CUR(1.0),Monthly minimum wages - bi-annual data,S,"Half-yearly, semesterly",EUR,Euro,PL,Poland,2006-S2,,222,,,,,
dataflow,ESTAT:EARN_MW_CUR(1.0),Monthly minimum wages - bi-annual data,S,"Half-yearly, semesterly",EUR,Euro,PL,Poland,2007-S1,,244,,,,,
dataflow,ESTAT:EARN_MW_CUR(1.0),Monthly minimum wages - bi-annual data,S,"Half-yearly, semesterly",EUR,Euro,PL,Poland,2007-S2,,248,,,,,
dataflow,ESTAT:EARN_MW_CUR(1.0),Monthly minimum wages - bi-annual data,S,"Half-yearly, semesterly",EUR,Euro,PL,Poland,2008-S1,,313,,,,,
dataflow,ESTAT:EARN_MW_CUR(1.0),Monthly minimum wages - bi-annual data,S,"Half-yearly, semesterly",EUR,Euro,PL,Poland,2008-S2,,336,,,,,
dataflow,ESTAT:EARN_MW_CUR(1.0),Monthly minimum wages - bi-annual data,S,"Half-yearly, semesterly",EUR,Euro,PL,Poland,2009-S1,,307,,,,,
dataflow,ESTAT:EARN_MW_CUR(1.0),Monthly minimum wages - bi-annual data,S,"Half-yearly, semesterly",EUR,Euro,PL,Poland,2009-S2,,287,,,,,
dataflow,ESTAT:EARN_MW_CUR(1.0),Monthly minimum wages - bi-annual data,S,"Half-yearly, semesterly",EUR,Euro,PL,Poland,2010-S1,,321,,,,,
dataflow,ESTAT:EARN_MW_CUR(1.0),Monthly minimum wages - bi-annual data,S,"Half-yearly, semesterly",EUR,Euro,PL,Poland,2010-S2,,318,,,,,
dataflow,ESTAT:EARN_MW_CUR(1.0),Monthly minimum wages - bi-annual data,S,"Half-yearly, semesterly",EUR,Euro,PL,Poland,2011-S1,,349,,,,,
dataflow,ESTAT:EARN_MW_CUR(1.0),Monthly minimum wages - bi-annual data,S,"Half-yearly, semesterly",EUR,Euro,PL,Poland,2011-S2,,347,,,,,
dataflow,ESTAT:EARN_MW_CUR(1.0),Monthly minimum wages - bi-annual data,S,"Half-yearly, semesterly",EUR,Euro,PL,Poland,2012-S1,,336,,,,,
dataflow,ESTAT:EARN_MW_CUR(1.0),Monthly minimum wages - bi-annual data,S,"Half-yearly, semesterly",EUR,Euro,PL,Poland,2012-S2,,353,,,,,
dataflow,ESTAT:EARN_MW_CUR(1.0),Monthly minimum wages - bi-annual data,S,"Half-yearly, semesterly",EUR,Euro,PL,Poland,2013-S1,,393,,,,,
dataflow,ESTAT:EARN_MW_CUR(1.0),Monthly minimum wages - bi-annual data,S,"Half-yearly, semesterly",EUR,Euro,PL,Poland,2013-S2,,369,,,,,
dataflow,ESTAT:EARN_MW_CUR(1.0),Monthly minimum wages - bi-annual data,S,"Half-yearly, semesterly",EUR,Euro,PL,Poland,2014-S1,,404,,,,,
dataflow,ESTAT:EARN_MW_CUR(1.0),Monthly minimum wages - bi-annual data,S,"Half-yearly, semesterly",EUR,Euro,PL,Poland,2014-S2,,404,,,,,
dataflow,ESTAT:EARN_MW_CUR(1.0),Monthly minimum wages - bi-annual data,S,"Half-yearly, semesterly",EUR,Euro,PL,Poland,2015-S1,,410,,,,,
dataflow,ESTAT:EARN_MW_CUR(1.0),Monthly minimum wages - bi-annual data,S,"Half-yearly, semesterly",EUR,Euro,PL,Poland,2015-S2,,418,,,,,
dataflow,ESTAT:EARN_MW_CUR(1.0),Monthly minimum wages - bi-annual data,S,"Half-yearly, semesterly",EUR,Euro,PL,Poland,2016-S1,,434,,,,,
dataflow,ESTAT:EARN_MW_CUR(1.0),Monthly minimum wages - bi-annual data,S,"Half-yearly, semesterly",EUR,Euro,PL,Poland,2016-S2,,417,,,,,
dataflow,ESTAT:EARN_MW_CUR(1.0),Monthly minimum wages - bi-annual data,S,"Half-yearly, semesterly",EUR,Euro,PL,Poland,2017-S1,,453,,,,,
dataflow,ESTAT:EARN_MW_CUR(1.0),Monthly minimum wages - bi-annual data,S,"Half-yearly, semesterly",EUR,Euro,PL,Poland,2017-S2,,473,,,,,
dataflow,ESTAT:EARN_MW_CUR(1.0),Monthly minimum wages - bi-annual data,S,"Half-yearly, semesterly",EUR,Euro,PL,Poland,2018-S1,,503,,,,,
dataflow,ESTAT:EARN_MW_CUR(1.0),Monthly minimum wages - bi-annual data,S,"Half-yearly, semesterly",EUR,Euro,PL,Poland,2018-S2,,480,,,,,
dataflow,ESTAT:EARN_MW_CUR(1.0),Monthly minimum wages - bi-annual data,S,"Half-yearly, semesterly",EUR,Euro,PL,Poland,2019-S1,,523,,,,,
dataflow,ESTAT:EARN_MW_CUR(1.0),Monthly minimum wages - bi-annual data,S,"Half-yearly, semesterly",EUR,Euro,PL,Poland,2019-S2,,529,,,,,
dataflow,ESTAT:EARN_MW_CUR(1.0),Monthly minimum wages - bi-annual data,S,"Half-yearly, semesterly",EUR,Euro,PL,Poland,2020-S1,,611,,,,,
dataflow,ESTAT:EARN_MW_CUR(1.0),Monthly minimum wages - bi-annual data,S,"Half-yearly, semesterly",EUR,Euro,PL,Poland,2020-S2,,583,,,,,
dataflow,ESTAT:EARN_MW_CUR(1.0),Monthly minimum wages - bi-annual data,S,"Half-yearly, semesterly",EUR,Euro,PL,Poland,2021-S1,,614,,,,,
dataflow,ESTAT:EARN_MW_CUR(1.0),Monthly minimum wages - bi-annual data,S,"Half-yearly, semesterly",EUR,Euro,PL,Poland,2021-S2,,619,,,,,
dataflow,ESTAT:EARN_MW_CUR(1.0),Monthly minimum wages - bi-annual data,S,"Half-yearly, semesterly",EUR,Euro,PL,Poland,2022-S1,,655,,,,,
dataflow,ESTAT:EARN_MW_CUR(1.0),Monthly minimum wages - bi-annual data,S,"Half-yearly, semesterly",EUR,Euro,PL,Poland,2022-S2,,642,,,,,
dataflow,ESTAT:EARN_MW_CUR(1.0),Monthly minimum wages - bi-annual data,S,"Half-yearly, semesterly",EUR,Euro,PL,Poland,2023-S1,,746,,,,,
dataflow,ESTAT:EARN_MW_CUR(1.0),Monthly minimum wages - bi-annual data,S,"Half-yearly, semesterly",EUR,Euro,PL,Poland,2023-S2,,811,,,,,
dataflow,ESTAT:EARN_MW_CUR(1.0),Monthly minimum wages - bi-annual data,S,"Half-yearly, semesterly",EUR,Euro,PL,Poland,2024-S1,,978,,,,,
dataflow,ESTAT:EARN_MW_CUR(1.0),Monthly minimum wages - bi-annual data,S,"Half-yearly, semesterly",EUR,Euro,PL,Poland,2024-S2,,998,,,,,
dataflow,ESTAT:EARN_MW_CUR(1.0),Monthly minimum wages - bi-annual data,S,"Half-yearly, semesterly",EUR,Euro,PL,Poland,2025-S1,,1091,,,,,
dataflow,ESTAT:EARN_MW_CUR(1.0),Monthly minimum wages - bi-annual data,S,"Half-yearly, semesterly",EUR,Euro,PL,Poland,2025-S2,,1100,,,,,
dataflow,ESTAT:EARN_MW_CUR(1.0),Monthly minimum wages - bi-annual data,S,"Half-yearly, semesterly",EUR,Euro,PT,Portugal,1999-S1,,357,,,,,
dataflow,ESTAT:EARN_MW_CUR(1.0),Monthly minimum wages - bi-annual data,S,"Half-yearly, semesterly",EUR,Euro,PT,Portugal,1999-S2,,357,,,,,
dataflow,ESTAT:EARN_MW_CUR(1.0),Monthly minimum wages - bi-annual data,S,"Half-yearly, semesterly",EUR,Euro,PT,Portugal,2000-S1,,371,,,,,
dataflow,ESTAT:EARN_MW_CUR(1.0),Monthly minimum wages - bi-annual data,S,"Half-yearly, semesterly",EUR,Euro,PT,Portugal,2000-S2,,371,,,,,
dataflow,ESTAT:EARN_MW_CUR(1.0),Monthly minimum wages - bi-annual data,S,"Half-yearly, semesterly",EUR,Euro,PT,Portugal,2001-S1,,390,,,,,
dataflow,ESTAT:EARN_MW_CUR(1.0),Monthly minimum wages - bi-annual data,S,"Half-yearly, semesterly",EUR,Euro,PT,Portugal,2001-S2,,390,,,,,
dataflow,ESTAT:EARN_MW_CUR(1.0),Monthly minimum wages - bi-annual data,S,"Half-yearly, semesterly",EUR,Euro,PT,Portugal,2002-S1,,406,,,,,
dataflow,ESTAT:EARN_MW_CUR(1.0),Monthly minimum wages - bi-annual data,S,"Half-yearly, semesterly",EUR,Euro,PT,Portugal,2002-S2,,406,,,,,
dataflow,ESTAT:EARN_MW_CUR(1.0),Monthly minimum wages - bi-annual data,S,"Half-yearly, semesterly",EUR,Euro,PT,Portugal,2003-S1,,416,,,,,
dataflow,ESTAT:EARN_MW_CUR(1.0),Monthly minimum wages - bi-annual data,S,"Half-yearly, semesterly",EUR,Euro,PT,Portugal,2003-S2,,416,,,,,
dataflow,ESTAT:EARN_MW_CUR(1.0),Monthly minimum wages - bi-annual data,S,"Half-yearly, semesterly",EUR,Euro,PT,Portugal,2004-S1,,426,,,,,
dataflow,ESTAT:EARN_MW_CUR(1.0),Monthly minimum wages - bi-annual data,S,"Half-yearly, semesterly",EUR,Euro,PT,Portugal,2004-S2,,426,,,,,
dataflow,ESTAT:EARN_MW_CUR(1.0),Monthly minimum wages - bi-annual data,S,"Half-yearly, semesterly",EUR,Euro,PT,Portugal,2005-S1,,437,,,,,
dataflow,ESTAT:EARN_MW_CUR(1.0),Monthly minimum wages - bi-annual data,S,"Half-yearly, semesterly",EUR,Euro,PT,Portugal,2005-S2,,437,,,,,
dataflow,ESTAT:EARN_MW_CUR(1.0),Monthly minimum wages - bi-annual data,S,"Half-yearly, semesterly",EUR,Euro,PT,Portugal,2006-S1,,450,,,,,
dataflow,ESTAT:EARN_MW_CUR(1.0),Monthly minimum wages - bi-annual data,S,"Half-yearly, semesterly",EUR,Euro,PT,Portugal,2006-S2,,450,,,,,
dataflow,ESTAT:EARN_MW_CUR(1.0),Monthly minimum wages - bi-annual data,S,"Half-yearly, semesterly",EUR,Euro,PT,Portugal,2007-S1,,470,,,,,
dataflow,ESTAT:EARN_MW_CUR(1.0),Monthly minimum wages - bi-annual data,S,"Half-yearly, semesterly",EUR,Euro,PT,Portugal,2007-S2,,470,,,,,
dataflow,ESTAT:EARN_MW_CUR(1.0),Monthly minimum wages - bi-annual data,S,"Half-yearly, semesterly",EUR,Euro,PT,Portugal,2008-S1,,497,,,,,
dataflow,ESTAT:EARN_MW_CUR(1.0),Monthly minimum wages - bi-annual data,S,"Half-yearly, semesterly",EUR,Euro,PT,Portugal,2008-S2,,497,,,,,
dataflow,ESTAT:EARN_MW_CUR(1.0),Monthly minimum wages - bi-annual data,S,"Half-yearly, semesterly",EUR,Euro,PT,Portugal,2009-S1,,525,,,,,
dataflow,ESTAT:EARN_MW_CUR(1.0),Monthly minimum wages - bi-annual data,S,"Half-yearly, semesterly",EUR,Euro,PT,Portugal,2009-S2,,525,,,,,
dataflow,ESTAT:EARN_MW_CUR(1.0),Monthly minimum wages - bi-annual data,S,"Half-yearly, semesterly",EUR,Euro,PT,Portugal,2010-S1,,554,,,,,
dataflow,ESTAT:EARN_MW_CUR(1.0),Monthly minimum wages - bi-annual data,S,"Half-yearly, semesterly",EUR,Euro,PT,Portugal,2010-S2,,554,,,,,
dataflow,ESTAT:EARN_MW_CUR(1.0),Monthly minimum wages - bi-annual data,S,"Half-yearly, semesterly",EUR,Euro,PT,Portugal,2011-S1,,566,,,,,
dataflow,ESTAT:EARN_MW_CUR(1.0),Monthly minimum wages - bi-annual data,S,"Half-yearly, semesterly",EUR,Euro,PT,Portugal,2011-S2,,566,,,,,
dataflow,ESTAT:EARN_MW_CUR(1.0),Monthly minimum wages - bi-annual data,S,"Half-yearly, semesterly",EUR,Euro,PT,Portugal,2012-S1,,566,,,,,
dataflow,ESTAT:EARN_MW_CUR(1.0),Monthly minimum wages - bi-annual data,S,"Half-yearly, semesterly",EUR,Euro,PT,Portugal,2012-S2,,566,,,,,
dataflow,ESTAT:EARN_MW_CUR(1.0),Monthly minimum wages - bi-annual data,S,"Half-yearly, semesterly",EUR,Euro,PT,Portugal,2013-S1,,566,,,,,
dataflow,ESTAT:EARN_MW_CUR(1.0),Monthly minimum wages - bi-annual data,S,"Half-yearly, semesterly",EUR,Euro,PT,Portugal,2013-S2,,566,,,,,
dataflow,ESTAT:EARN_MW_CUR(1.0),Monthly minimum wages - bi-annual data,S,"Half-yearly, semesterly",EUR,Euro,PT,Portugal,2014-S1,,566,,,,,
dataflow,ESTAT:EARN_MW_CUR(1.0),Monthly minimum wages - bi-annual data,S,"Half-yearly, semesterly",EUR,Euro,PT,Portugal,2014-S2,,566,,,,,
dataflow,ESTAT:EARN_MW_CUR(1.0),Monthly minimum wages - bi-annual data,S,"Half-yearly, semesterly",EUR,Euro,PT,Portugal,2015-S1,,589,,,,,
dataflow,ESTAT:EARN_MW_CUR(1.0),Monthly minimum wages - bi-annual data,S,"Half-yearly, semesterly",EUR,Euro,PT,Portugal,2015-S2,,589,,,,,
dataflow,ESTAT:EARN_MW_CUR(1.0),Monthly minimum wages - bi-annual data,S,"Half-yearly, semesterly",EUR,Euro,PT,Portugal,2016-S1,,618,,,,,
dataflow,ESTAT:EARN_MW_CUR(1.0),Monthly minimum wages - bi-annual data,S,"Half-yearly, semesterly",EUR,Euro,PT,Portugal,2016-S2,,618,,,,,
dataflow,ESTAT:EARN_MW_CUR(1.0),Monthly minimum wages - bi-annual data,S,"Half-yearly, semesterly",EUR,Euro,PT,Portugal,2017-S1,,650,,,,,
dataflow,ESTAT:EARN_MW_CUR(1.0),Monthly minimum wages - bi-annual data,S,"Half-yearly, semesterly",EUR,Euro,PT,Portugal,2017-S2,,650,,,,,
dataflow,ESTAT:EARN_MW_CUR(1.0),Monthly minimum wages - bi-annual data,S,"Half-yearly, semesterly",EUR,Euro,PT,Portugal,2018-S1,,677,,,,,
dataflow,ESTAT:EARN_MW_CUR(1.0),Monthly minimum wages - bi-annual data,S,"Half-yearly, semesterly",EUR,Euro,PT,Portugal,2018-S2,,677,,,,,
dataflow,ESTAT:EARN_MW_CUR(1.0),Monthly minimum wages - bi-annual data,S,"Half-yearly, semesterly",EUR,Euro,PT,Portugal,2019-S1,,700,,,,,
dataflow,ESTAT:EARN_MW_CUR(1.0),Monthly minimum wages - bi-annual data,S,"Half-yearly, semesterly",EUR,Euro,PT,Portugal,2019-S2,,700,,,,,
dataflow,ESTAT:EARN_MW_CUR(1.0),Monthly minimum wages - bi-annual data,S,"Half-yearly, semesterly",EUR,Euro,PT,Portugal,2020-S1,,741,,,,,
dataflow,ESTAT:EARN_MW_CUR(1.0),Monthly minimum wages - bi-annual data,S,"Half-yearly, semesterly",EUR,Euro,PT,Portugal,2020-S2,,741,,,,,
dataflow,ESTAT:EARN_MW_CUR(1.0),Monthly minimum wages - bi-annual data,S,"Half-yearly, semesterly",EUR,Euro,PT,Portugal,2021-S1,,776,,,,,
dataflow,ESTAT:EARN_MW_CUR(1.0),Monthly minimum wages - bi-annual data,S,"Half-yearly, semesterly",EUR,Euro,PT,Portugal,2021-S2,,776,,,,,
dataflow,ESTAT:EARN_MW_CUR(1.0),Monthly minimum wages - bi-annual data,S,"Half-yearly, semesterly",EUR,Euro,PT,Portugal,2022-S1,,823,,,,,
dataflow,ESTAT:EARN_MW_CUR(1.0),Monthly minimum wages - bi-annual data,S,"Half-yearly, semesterly",EUR,Euro,PT,Portugal,2022-S2,,823,,,,,
dataflow,ESTAT:EARN_MW_CUR(1.0),Monthly minimum wages - bi-annual data,S,"Half-yearly, semesterly",EUR,Euro,PT,Portugal,2023-S1,,887,,,,,
dataflow,ESTAT:EARN_MW_CUR(1.0),Monthly minimum wages - bi-annual data,S,"Half-yearly, semesterly",EUR,Euro,PT,Portugal,2023-S2,,887,,,,,
dataflow,ESTAT:EARN_MW_CUR(1.0),Monthly minimum wages - bi-annual data,S,"Half-yearly, semesterly",EUR,Euro,PT,Portugal,2024-S1,,957,,,,,
dataflow,ESTAT:EARN_MW_CUR(1.0),Monthly minimum wages - bi-annual data,S,"Half-yearly, semesterly",EUR,Euro,PT,Portugal,2024-S2,,957,,,,,
dataflow,ESTAT:EARN_MW_CUR(1.0),Monthly minimum wages - bi-annual data,S,"Half-yearly, semesterly",EUR,Euro,PT,Portugal,2025-S1,,1015,,,,,
dataflow,ESTAT:EARN_MW_CUR(1.0),Monthly minimum wages - bi-annual data,S,"Half-yearly, semesterly",EUR,Euro,PT,Portugal,2025-S2,,1015,,,,,
dataflow,ESTAT:EARN_MW_CUR(1.0),Monthly minimum wages - bi-annual data,S,"Half-yearly, semesterly",EUR,Euro,RO,Romania,1999-S1,,27,,,,,
dataflow,ESTAT:EARN_MW_CUR(1.0),Monthly minimum wages - bi-annual data,S,"Half-yearly, semesterly",EUR,Euro,RO,Romania,1999-S2,,27,,,,,
dataflow,ESTAT:EARN_MW_CUR(1.0),Monthly minimum wages - bi-annual data,S,"Half-yearly, semesterly",EUR,Euro,RO,Romania,2000-S1,,25,,,,,
dataflow,ESTAT:EARN_MW_CUR(1.0),Monthly minimum wages - bi-annual data,S,"Half-yearly, semesterly",EUR,Euro,RO,Romania,2000-S2,,34,,,,,
dataflow,ESTAT:EARN_MW_CUR(1.0),Monthly minimum wages - bi-annual data,S,"Half-yearly, semesterly",EUR,Euro,RO,Romania,2001-S1,,41,,,,,
dataflow,ESTAT:EARN_MW_CUR(1.0),Monthly minimum wages - bi-annual data,S,"Half-yearly, semesterly",EUR,Euro,RO,Romania,2001-S2,,57,,,,,
dataflow,ESTAT:EARN_MW_CUR(1.0),Monthly minimum wages - bi-annual data,S,"Half-yearly, semesterly",EUR,Euro,RO,Romania,2002-S1,,50,,,,,
dataflow,ESTAT:EARN_MW_CUR(1.0),Monthly minimum wages - bi-annual data,S,"Half-yearly, semesterly",EUR,Euro,RO,Romania,2002-S2,,52,,,,,
dataflow,ESTAT:EARN_MW_CUR(1.0),Monthly minimum wages - bi-annual data,S,"Half-yearly, semesterly",EUR,Euro,RO,Romania,2003-S1,,71,,,,,
dataflow,ESTAT:EARN_MW_CUR(1.0),Monthly minimum wages - bi-annual data,S,"Half-yearly, semesterly",EUR,Euro,RO,Romania,2003-S2,,66,,,,,
dataflow,ESTAT:EARN_MW_CUR(1.0),Monthly minimum wages - bi-annual data,S,"Half-yearly, semesterly",EUR,Euro,RO,Romania,2004-S1,,68,,,,,
dataflow,ESTAT:EARN_MW_CUR(1.0),Monthly minimum wages - bi-annual data,S,"Half-yearly, semesterly",EUR,Euro,RO,Romania,2004-S2,,69,,,,,
dataflow,ESTAT:EARN_MW_CUR(1.0),Monthly minimum wages - bi-annual data,S,"Half-yearly, semesterly",EUR,Euro,RO,Romania,2005-S1,,79,,,,,
dataflow,ESTAT:EARN_MW_CUR(1.0),Monthly minimum wages - bi-annual data,S,"Half-yearly, semesterly",EUR,Euro,RO,Romania,2005-S2,,86,,,,,
dataflow,ESTAT:EARN_MW_CUR(1.0),Monthly minimum wages - bi-annual data,S,"Half-yearly, semesterly",EUR,Euro,RO,Romania,2006-S1,,90,,,,,
dataflow,ESTAT:EARN_MW_CUR(1.0),Monthly minimum wages - bi-annual data,S,"Half-yearly, semesterly",EUR,Euro,RO,Romania,2006-S2,,92,,,,,
dataflow,ESTAT:EARN_MW_CUR(1.0),Monthly minimum wages - bi-annual data,S,"Half-yearly, semesterly",EUR,Euro,RO,Romania,2007-S1,,115,,,,,
dataflow,ESTAT:EARN_MW_CUR(1.0),Monthly minimum wages - bi-annual data,S,"Half-yearly, semesterly",EUR,Euro,RO,Romania,2007-S2,,124,,,,,
dataflow,ESTAT:EARN_MW_CUR(1.0),Monthly minimum wages - bi-annual data,S,"Half-yearly, semesterly",EUR,Euro,RO,Romania,2008-S1,,139,,,,,
dataflow,ESTAT:EARN_MW_CUR(1.0),Monthly minimum wages - bi-annual data,S,"Half-yearly, semesterly",EUR,Euro,RO,Romania,2008-S2,,137,,,,,
dataflow,ESTAT:EARN_MW_CUR(1.0),Monthly minimum wages - bi-annual data,S,"Half-yearly, semesterly",EUR,Euro,RO,Romania,2009-S1,,149,,,,,
dataflow,ESTAT:EARN_MW_CUR(1.0),Monthly minimum wages - bi-annual data,S,"Half-yearly, semesterly",EUR,Euro,RO,Romania,2009-S2,,143,,,,,
dataflow,ESTAT:EARN_MW_CUR(1.0),Monthly minimum wages - bi-annual data,S,"Half-yearly, semesterly",EUR,Euro,RO,Romania,2010-S1,,142,,,,,
dataflow,ESTAT:EARN_MW_CUR(1.0),Monthly minimum wages - bi-annual data,S,"Half-yearly, semesterly",EUR,Euro,RO,Romania,2010-S2,,137,,,,,
dataflow,ESTAT:EARN_MW_CUR(1.0),Monthly minimum wages - bi-annual data,S,"Half-yearly, semesterly",EUR,Euro,RO,Romania,2011-S1,,157,,,,,
dataflow,ESTAT:EARN_MW_CUR(1.0),Monthly minimum wages - bi-annual data,S,"Half-yearly, semesterly",EUR,Euro,RO,Romania,2011-S2,,158,,,,,
dataflow,ESTAT:EARN_MW_CUR(1.0),Monthly minimum wages - bi-annual data,S,"Half-yearly, semesterly",EUR,Euro,RO,Romania,2012-S1,,162,,,,,
dataflow,ESTAT:EARN_MW_CUR(1.0),Monthly minimum wages - bi-annual data,S,"Half-yearly, semesterly",EUR,Euro,RO,Romania,2012-S2,,157,,,,,
dataflow,ESTAT:EARN_MW_CUR(1.0),Monthly minimum wages - bi-annual data,S,"Half-yearly, semesterly",EUR,Euro,RO,Romania,2013-S1,,158,,,,,
dataflow,ESTAT:EARN_MW_CUR(1.0),Monthly minimum wages - bi-annual data,S,"Half-yearly, semesterly",EUR,Euro,RO,Romania,2013-S2,,179,,,,,
dataflow,ESTAT:EARN_MW_CUR(1.0),Monthly minimum wages - bi-annual data,S,"Half-yearly, semesterly",EUR,Euro,RO,Romania,2014-S1,,190,,,,,
dataflow,ESTAT:EARN_MW_CUR(1.0),Monthly minimum wages - bi-annual data,S,"Half-yearly, semesterly",EUR,Euro,RO,Romania,2014-S2,,205,,,,,
dataflow,ESTAT:EARN_MW_CUR(1.0),Monthly minimum wages - bi-annual data,S,"Half-yearly, semesterly",EUR,Euro,RO,Romania,2015-S1,,218,,,,,
dataflow,ESTAT:EARN_MW_CUR(1.0),Monthly minimum wages - bi-annual data,S,"Half-yearly, semesterly",EUR,Euro,RO,Romania,2015-S2,,235,,,,,
dataflow,ESTAT:EARN_MW_CUR(1.0),Monthly minimum wages - bi-annual data,S,"Half-yearly, semesterly",EUR,Euro,RO,Romania,2016-S1,,232,,,,,
dataflow,ESTAT:EARN_MW_CUR(1.0),Monthly minimum wages - bi-annual data,S,"Half-yearly, semesterly",EUR,Euro,RO,Romania,2016-S2,,276,,,,,
dataflow,ESTAT:EARN_MW_CUR(1.0),Monthly minimum wages - bi-annual data,S,"Half-yearly, semesterly",EUR,Euro,RO,Romania,2017-S1,,275,,,,,
dataflow,ESTAT:EARN_MW_CUR(1.0),Monthly minimum wages - bi-annual data,S,"Half-yearly, semesterly",EUR,Euro,RO,Romania,2017-S2,,319,,,,,
dataflow,ESTAT:EARN_MW_CUR(1.0),Monthly minimum wages - bi-annual data,S,"Half-yearly, semesterly",EUR,Euro,RO,Romania,2018-S1,,408,,,,,
dataflow,ESTAT:EARN_MW_CUR(1.0),Monthly minimum wages - bi-annual data,S,"Half-yearly, semesterly",EUR,Euro,RO,Romania,2018-S2,,407,,,,,
dataflow,ESTAT:EARN_MW_CUR(1.0),Monthly minimum wages - bi-annual data,S,"Half-yearly, semesterly",EUR,Euro,RO,Romania,2019-S1,,446,,,,,
dataflow,ESTAT:EARN_MW_CUR(1.0),Monthly minimum wages - bi-annual data,S,"Half-yearly, semesterly",EUR,Euro,RO,Romania,2019-S2,,439,,,,,
dataflow,ESTAT:EARN_MW_CUR(1.0),Monthly minimum wages - bi-annual data,S,"Half-yearly, semesterly",EUR,Euro,RO,Romania,2020-S1,,466,,,,,
dataflow,ESTAT:EARN_MW_CUR(1.0),Monthly minimum wages - bi-annual data,S,"Half-yearly, semesterly",EUR,Euro,RO,Romania,2020-S2,,461,,,,,
dataflow,ESTAT:EARN_MW_CUR(1.0),Monthly minimum wages - bi-annual data,S,"Half-yearly, semesterly",EUR,Euro,RO,Romania,2021-S1,,458,,,,,
dataflow,ESTAT:EARN_MW_CUR(1.0),Monthly minimum wages - bi-annual data,S,"Half-yearly, semesterly",EUR,Euro,RO,Romania,2021-S2,,467,,,,,
dataflow,ESTAT:EARN_MW_CUR(1.0),Monthly minimum wages - bi-annual data,S,"Half-yearly, semesterly",EUR,Euro,RO,Romania,2022-S1,,515,,,,,
dataflow,ESTAT:EARN_MW_CUR(1.0),Monthly minimum wages - bi-annual data,S,"Half-yearly, semesterly",EUR,Euro,RO,Romania,2022-S2,,516,,,,,
dataflow,ESTAT:EARN_MW_CUR(1.0),Monthly minimum wages - bi-annual data,S,"Half-yearly, semesterly",EUR,Euro,RO,Romania,2023-S1,,606,,,,,
dataflow,ESTAT:EARN_MW_CUR(1.0),Monthly minimum wages - bi-annual data,S,"Half-yearly, semesterly",EUR,Euro,RO,Romania,2023-S2,,604,,,,,
dataflow,ESTAT:EARN_MW_CUR(1.0),Monthly minimum wages - bi-annual data,S,"Half-yearly, semesterly",EUR,Euro,RO,Romania,2024-S1,,663,,,,,
dataflow,ESTAT:EARN_MW_CUR(1.0),Monthly minimum wages - bi-annual data,S,"Half-yearly, semesterly",EUR,Euro,RO,Romania,2024-S2,,743,,,,,
dataflow,ESTAT:EARN_MW_CUR(1.0),Monthly minimum wages - bi-annual data,S,"Half-yearly, semesterly",EUR,Euro,RO,Romania,2025-S1,,814,,,,,
dataflow,ESTAT:EARN_MW_CUR(1.0),Monthly minimum wages - bi-annual data,S,"Half-yearly, semesterly",EUR,Euro,RO,Romania,2025-S2,,797,,,,,
dataflow,ESTAT:EARN_MW_CUR(1.0),Monthly minimum wages - bi-annual data,S,"Half-yearly, semesterly",EUR,Euro,RS,Serbia,1999-S1,,33,,,,,
dataflow,ESTAT:EARN_MW_CUR(1.0),Monthly minimum wages - bi-annual data,S,"Half-yearly, semesterly",EUR,Euro,RS,Serbia,1999-S2,,33,,,,,
dataflow,ESTAT:EARN_MW_CUR(1.0),Monthly minimum wages - bi-annual data,S,"Half-yearly, semesterly",EUR,Euro,RS,Serbia,2000-S1,,33,,,,,
dataflow,ESTAT:EARN_MW_CUR(1.0),Monthly minimum wages - bi-annual data,S,"Half-yearly, semesterly",EUR,Euro,RS,Serbia,2000-S2,,40,,,,,
dataflow,ESTAT:EARN_MW_CUR(1.0),Monthly minimum wages - bi-annual data,S,"Half-yearly, semesterly",EUR,Euro,RS,Serbia,2001-S1,,7,,,,,
dataflow,ESTAT:EARN_MW_CUR(1.0),Monthly minimum wages - bi-annual data,S,"Half-yearly, semesterly",EUR,Euro,RS,Serbia,2001-S2,,49,,,,,
dataflow,ESTAT:EARN_MW_CUR(1.0),Monthly minimum wages - bi-annual data,S,"Half-yearly, semesterly",EUR,Euro,RS,Serbia,2002-S1,,77,,,,,
dataflow,ESTAT:EARN_MW_CUR(1.0),Monthly minimum wages - bi-annual data,S,"Half-yearly, semesterly",EUR,Euro,RS,Serbia,2002-S2,,93,,,,,
dataflow,ESTAT:EARN_MW_CUR(1.0),Monthly minimum wages - bi-annual data,S,"Half-yearly, semesterly",EUR,Euro,RS,Serbia,2003-S1,,101,,,,,
dataflow,ESTAT:EARN_MW_CUR(1.0),Monthly minimum wages - bi-annual data,S,"Half-yearly, semesterly",EUR,Euro,RS,Serbia,2003-S2,,105,,,,,
dataflow,ESTAT:EARN_MW_CUR(1.0),Monthly minimum wages - bi-annual data,S,"Half-yearly, semesterly",EUR,Euro,RS,Serbia,2004-S1,,116,,,,,
dataflow,ESTAT:EARN_MW_CUR(1.0),Monthly minimum wages - bi-annual data,S,"Half-yearly, semesterly",EUR,Euro,RS,Serbia,2004-S2,,124,,,,,
dataflow,ESTAT:EARN_MW_CUR(1.0),Monthly minimum wages - bi-annual data,S,"Half-yearly, semesterly",EUR,Euro,RS,Serbia,2005-S1,,125,,,,,
dataflow,ESTAT:EARN_MW_CUR(1.0),Monthly minimum wages - bi-annual data,S,"Half-yearly, semesterly",EUR,Euro,RS,Serbia,2005-S2,,127,,,,,
dataflow,ESTAT:EARN_MW_CUR(1.0),Monthly minimum wages - bi-annual data,S,"Half-yearly, semesterly",EUR,Euro,RS,Serbia,2006-S1,,138,,,,,
dataflow,ESTAT:EARN_MW_CUR(1.0),Monthly minimum wages - bi-annual data,S,"Half-yearly, semesterly",EUR,Euro,RS,Serbia,2006-S2,,146,,,,,
dataflow,ESTAT:EARN_MW_CUR(1.0),Monthly minimum wages - bi-annual data,S,"Half-yearly, semesterly",EUR,Euro,RS,Serbia,2007-S1,,162,,,,,
dataflow,ESTAT:EARN_MW_CUR(1.0),Monthly minimum wages - bi-annual data,S,"Half-yearly, semesterly",EUR,Euro,RS,Serbia,2007-S2,,189,,,,,
dataflow,ESTAT:EARN_MW_CUR(1.0),Monthly minimum wages - bi-annual data,S,"Half-yearly, semesterly",EUR,Euro,RS,Serbia,2008-S1,,208,,,,,
dataflow,ESTAT:EARN_MW_CUR(1.0),Monthly minimum wages - bi-annual data,S,"Half-yearly, semesterly",EUR,Euro,RS,Serbia,2008-S2,,233,,,,,
dataflow,ESTAT:EARN_MW_CUR(1.0),Monthly minimum wages - bi-annual data,S,"Half-yearly, semesterly",EUR,Euro,RS,Serbia,2009-S1,,233,,,,,
dataflow,ESTAT:EARN_MW_CUR(1.0),Monthly minimum wages - bi-annual data,S,"Half-yearly, semesterly",EUR,Euro,RS,Serbia,2009-S2,,220,,,,,
dataflow,ESTAT:EARN_MW_CUR(1.0),Monthly minimum wages - bi-annual data,S,"Half-yearly, semesterly",EUR,Euro,RS,Serbia,2010-S1,,222,,,,,
dataflow,ESTAT:EARN_MW_CUR(1.0),Monthly minimum wages - bi-annual data,S,"Half-yearly, semesterly",EUR,Euro,RS,Serbia,2010-S2,,203,,,,,
dataflow,ESTAT:EARN_MW_CUR(1.0),Monthly minimum wages - bi-annual data,S,"Half-yearly, semesterly",EUR,Euro,RS,Serbia,2011-S1,,213,,,,,
dataflow,ESTAT:EARN_MW_CUR(1.0),Monthly minimum wages - bi-annual data,S,"Half-yearly, semesterly",EUR,Euro,RS,Serbia,2011-S2,,235,,,,,
dataflow,ESTAT:EARN_MW_CUR(1.0),Monthly minimum wages - bi-annual data,S,"Half-yearly, semesterly",EUR,Euro,RS,Serbia,2012-S1,,230,,,,,
dataflow,ESTAT:EARN_MW_CUR(1.0),Monthly minimum wages - bi-annual data,S,"Half-yearly, semesterly",EUR,Euro,RS,Serbia,2012-S2,,235,,,,,
dataflow,ESTAT:EARN_MW_CUR(1.0),Monthly minimum wages - bi-annual data,S,"Half-yearly, semesterly",EUR,Euro,RS,Serbia,2013-S1,,239,,,,,
dataflow,ESTAT:EARN_MW_CUR(1.0),Monthly minimum wages - bi-annual data,S,"Half-yearly, semesterly",EUR,Euro,RS,Serbia,2013-S2,,236,,,,,
dataflow,ESTAT:EARN_MW_CUR(1.0),Monthly minimum wages - bi-annual data,S,"Half-yearly, semesterly",EUR,Euro,RS,Serbia,2014-S1,,235,,,,,
dataflow,ESTAT:EARN_MW_CUR(1.0),Monthly minimum wages - bi-annual data,S,"Half-yearly, semesterly",EUR,Euro,RS,Serbia,2014-S2,,233,,,,,
dataflow,ESTAT:EARN_MW_CUR(1.0),Monthly minimum wages - bi-annual data,S,"Half-yearly, semesterly",EUR,Euro,RS,Serbia,2015-S1,,235,,,,,
dataflow,ESTAT:EARN_MW_CUR(1.0),Monthly minimum wages - bi-annual data,S,"Half-yearly, semesterly",EUR,Euro,RS,Serbia,2015-S2,,236,,,,,
dataflow,ESTAT:EARN_MW_CUR(1.0),Monthly minimum wages - bi-annual data,S,"Half-yearly, semesterly",EUR,Euro,RS,Serbia,2016-S1,,234,,,,,
dataflow,ESTAT:EARN_MW_CUR(1.0),Monthly minimum wages - bi-annual data,S,"Half-yearly, semesterly",EUR,Euro,RS,Serbia,2016-S2,,230,,,,,
dataflow,ESTAT:EARN_MW_CUR(1.0),Monthly minimum wages - bi-annual data,S,"Half-yearly, semesterly",EUR,Euro,RS,Serbia,2017-S1,,248,,,,,
dataflow,ESTAT:EARN_MW_CUR(1.0),Monthly minimum wages - bi-annual data,S,"Half-yearly, semesterly",EUR,Euro,RS,Serbia,2017-S2,,253,,,,,
dataflow,ESTAT:EARN_MW_CUR(1.0),Monthly minimum wages - bi-annual data,S,"Half-yearly, semesterly",EUR,Euro,RS,Serbia,2018-S1,,285,,,,,
dataflow,ESTAT:EARN_MW_CUR(1.0),Monthly minimum wages - bi-annual data,S,"Half-yearly, semesterly",EUR,Euro,RS,Serbia,2018-S2,,283,,,,,
dataflow,ESTAT:EARN_MW_CUR(1.0),Monthly minimum wages - bi-annual data,S,"Half-yearly, semesterly",EUR,Euro,RS,Serbia,2019-S1,,308,,,,,
dataflow,ESTAT:EARN_MW_CUR(1.0),Monthly minimum wages - bi-annual data,S,"Half-yearly, semesterly",EUR,Euro,RS,Serbia,2019-S2,,308,,,,,
dataflow,ESTAT:EARN_MW_CUR(1.0),Monthly minimum wages - bi-annual data,S,"Half-yearly, semesterly",EUR,Euro,RS,Serbia,2020-S1,,344,,,,,
dataflow,ESTAT:EARN_MW_CUR(1.0),Monthly minimum wages - bi-annual data,S,"Half-yearly, semesterly",EUR,Euro,RS,Serbia,2020-S2,,344,,,,,
dataflow,ESTAT:EARN_MW_CUR(1.0),Monthly minimum wages - bi-annual data,S,"Half-yearly, semesterly",EUR,Euro,RS,Serbia,2021-S1,,366,,,,,
dataflow,ESTAT:EARN_MW_CUR(1.0),Monthly minimum wages - bi-annual data,S,"Half-yearly, semesterly",EUR,Euro,RS,Serbia,2021-S2,,366,,,,,
dataflow,ESTAT:EARN_MW_CUR(1.0),Monthly minimum wages - bi-annual data,S,"Half-yearly, semesterly",EUR,Euro,RS,Serbia,2022-S1,,401,,,,,
dataflow,ESTAT:EARN_MW_CUR(1.0),Monthly minimum wages - bi-annual data,S,"Half-yearly, semesterly",EUR,Euro,RS,Serbia,2022-S2,,402,,,,,
dataflow,ESTAT:EARN_MW_CUR(1.0),Monthly minimum wages - bi-annual data,S,"Half-yearly, semesterly",EUR,Euro,RS,Serbia,2023-S1,,460,,,,,
dataflow,ESTAT:EARN_MW_CUR(1.0),Monthly minimum wages - bi-annual data,S,"Half-yearly, semesterly",EUR,Euro,RS,Serbia,2023-S2,,461,,,,,
dataflow,ESTAT:EARN_MW_CUR(1.0),Monthly minimum wages - bi-annual data,S,"Half-yearly, semesterly",EUR,Euro,RS,Serbia,2024-S1,,544,,,,,
dataflow,ESTAT:EARN_MW_CUR(1.0),Monthly minimum wages - bi-annual data,S,"Half-yearly, semesterly",EUR,Euro,RS,Serbia,2024-S2,,544,,,,,
dataflow,ESTAT:EARN_MW_CUR(1.0),Monthly minimum wages - bi-annual data,S,"Half-yearly, semesterly",EUR,Euro,RS,Serbia,2025-S1,,619,,,,,
dataflow,ESTAT:EARN_MW_CUR(1.0),Monthly minimum wages - bi-annual data,S,"Half-yearly, semesterly",EUR,Euro,RS,Serbia,2025-S2,,618,,,,,
dataflow,ESTAT:EARN_MW_CUR(1.0),Monthly minimum wages - bi-annual data,S,"Half-yearly, semesterly",EUR,Euro,SI,Slovenia,1999-S1,,361,,,,,
dataflow,ESTAT:EARN_MW_CUR(1.0),Monthly minimum wages - bi-annual data,S,"Half-yearly, semesterly",EUR,Euro,SI,Slovenia,1999-S2,,348,,,,,
dataflow,ESTAT:EARN_MW_CUR(1.0),Monthly minimum wages - bi-annual data,S,"Half-yearly, semesterly",EUR,Euro,SI,Slovenia,2000-S1,,373,,,,,
dataflow,ESTAT:EARN_MW_CUR(1.0),Monthly minimum wages - bi-annual data,S,"Half-yearly, semesterly",EUR,Euro,SI,Slovenia,2000-S2,,371,,,,,
dataflow,ESTAT:EARN_MW_CUR(1.0),Monthly minimum wages - bi-annual data,S,"Half-yearly, semesterly",EUR,Euro,SI,Slovenia,2001-S1,,395,,,,,
dataflow,ESTAT:EARN_MW_CUR(1.0),Monthly minimum wages - bi-annual data,S,"Half-yearly, semesterly",EUR,Euro,SI,Slovenia,2001-S2,,386,,,,,
dataflow,ESTAT:EARN_MW_CUR(1.0),Monthly minimum wages - bi-annual data,S,"Half-yearly, semesterly",EUR,Euro,SI,Slovenia,2002-S1,,433,,,,,
dataflow,ESTAT:EARN_MW_CUR(1.0),Monthly minimum wages - bi-annual data,S,"Half-yearly, semesterly",EUR,Euro,SI,Slovenia,2002-S2,,418,,,,,
dataflow,ESTAT:EARN_MW_CUR(1.0),Monthly minimum wages - bi-annual data,S,"Half-yearly, semesterly",EUR,Euro,SI,Slovenia,2003-S1,,450,,,,,
dataflow,ESTAT:EARN_MW_CUR(1.0),Monthly minimum wages - bi-annual data,S,"Half-yearly, semesterly",EUR,Euro,SI,Slovenia,2003-S2,,443,,,,,
dataflow,ESTAT:EARN_MW_CUR(1.0),Monthly minimum wages - bi-annual data,S,"Half-yearly, semesterly",EUR,Euro,SI,Slovenia,2004-S1,,471,,,,,
dataflow,ESTAT:EARN_MW_CUR(1.0),Monthly minimum wages - bi-annual data,S,"Half-yearly, semesterly",EUR,Euro,SI,Slovenia,2004-S2,,465,,,,,
dataflow,ESTAT:EARN_MW_CUR(1.0),Monthly minimum wages - bi-annual data,S,"Half-yearly, semesterly",EUR,Euro,SI,Slovenia,2005-S1,,490,,,,,
dataflow,ESTAT:EARN_MW_CUR(1.0),Monthly minimum wages - bi-annual data,S,"Half-yearly, semesterly",EUR,Euro,SI,Slovenia,2005-S2,,491,,,,,
dataflow,ESTAT:EARN_MW_CUR(1.0),Monthly minimum wages - bi-annual data,S,"Half-yearly, semesterly",EUR,Euro,SI,Slovenia,2006-S1,,512,,,,,
dataflow,ESTAT:EARN_MW_CUR(1.0),Monthly minimum wages - bi-annual data,S,"Half-yearly, semesterly",EUR,Euro,SI,Slovenia,2006-S2,,512,,,,,
dataflow,ESTAT:EARN_MW_CUR(1.0),Monthly minimum wages - bi-annual data,S,"Half-yearly, semesterly",EUR,Euro,SI,Slovenia,2007-S1,,522,,,,,
dataflow,ESTAT:EARN_MW_CUR(1.0),Monthly minimum wages - bi-annual data,S,"Half-yearly, semesterly",EUR,Euro,SI,Slovenia,2007-S2,,522,,,,,
dataflow,ESTAT:EARN_MW_CUR(1.0),Monthly minimum wages - bi-annual data,S,"Half-yearly, semesterly",EUR,Euro,SI,Slovenia,2008-S1,,539,,,,,
dataflow,ESTAT:EARN_MW_CUR(1.0),Monthly minimum wages - bi-annual data,S,"Half-yearly, semesterly",EUR,Euro,SI,Slovenia,2008-S2,,567,,,,,
dataflow,ESTAT:EARN_MW_CUR(1.0),Monthly minimum wages - bi-annual data,S,"Half-yearly, semesterly",EUR,Euro,SI,Slovenia,2009-S1,,589,,,,,
dataflow,ESTAT:EARN_MW_CUR(1.0),Monthly minimum wages - bi-annual data,S,"Half-yearly, semesterly",EUR,Euro,SI,Slovenia,2009-S2,,589,,,,,
dataflow,ESTAT:EARN_MW_CUR(1.0),Monthly minimum wages - bi-annual data,S,"Half-yearly, semesterly",EUR,Euro,SI,Slovenia,2010-S1,,597,,,,,
dataflow,ESTAT:EARN_MW_CUR(1.0),Monthly minimum wages - bi-annual data,S,"Half-yearly, semesterly",EUR,Euro,SI,Slovenia,2010-S2,,734,,,,,
dataflow,ESTAT:EARN_MW_CUR(1.0),Monthly minimum wages - bi-annual data,S,"Half-yearly, semesterly",EUR,Euro,SI,Slovenia,2011-S1,,748,,,,,
dataflow,ESTAT:EARN_MW_CUR(1.0),Monthly minimum wages - bi-annual data,S,"Half-yearly, semesterly",EUR,Euro,SI,Slovenia,2011-S2,,748,,,,,
dataflow,ESTAT:EARN_MW_CUR(1.0),Monthly minimum wages - bi-annual data,S,"Half-yearly, semesterly",EUR,Euro,SI,Slovenia,2012-S1,,763,,,,,
dataflow,ESTAT:EARN_MW_CUR(1.0),Monthly minimum wages - bi-annual data,S,"Half-yearly, semesterly",EUR,Euro,SI,Slovenia,2012-S2,,763,,,,,
dataflow,ESTAT:EARN_MW_CUR(1.0),Monthly minimum wages - bi-annual data,S,"Half-yearly, semesterly",EUR,Euro,SI,Slovenia,2013-S1,,784,,,,,
dataflow,ESTAT:EARN_MW_CUR(1.0),Monthly minimum wages - bi-annual data,S,"Half-yearly, semesterly",EUR,Euro,SI,Slovenia,2013-S2,,784,,,,,
dataflow,ESTAT:EARN_MW_CUR(1.0),Monthly minimum wages - bi-annual data,S,"Half-yearly, semesterly",EUR,Euro,SI,Slovenia,2014-S1,,789,,,,,
dataflow,ESTAT:EARN_MW_CUR(1.0),Monthly minimum wages - bi-annual data,S,"Half-yearly, semesterly",EUR,Euro,SI,Slovenia,2014-S2,,789,,,,,
dataflow,ESTAT:EARN_MW_CUR(1.0),Monthly minimum wages - bi-annual data,S,"Half-yearly, semesterly",EUR,Euro,SI,Slovenia,2015-S1,,791,,,,,
dataflow,ESTAT:EARN_MW_CUR(1.0),Monthly minimum wages - bi-annual data,S,"Half-yearly, semesterly",EUR,Euro,SI,Slovenia,2015-S2,,791,,,,,
dataflow,ESTAT:EARN_MW_CUR(1.0),Monthly minimum wages - bi-annual data,S,"Half-yearly, semesterly",EUR,Euro,SI,Slovenia,2016-S1,,791,,,,,
dataflow,ESTAT:EARN_MW_CUR(1.0),Monthly minimum wages - bi-annual data,S,"Half-yearly, semesterly",EUR,Euro,SI,Slovenia,2016-S2,,791,,,,,
dataflow,ESTAT:EARN_MW_CUR(1.0),Monthly minimum wages - bi-annual data,S,"Half-yearly, semesterly",EUR,Euro,SI,Slovenia,2017-S1,,805,,,,,
dataflow,ESTAT:EARN_MW_CUR(1.0),Monthly minimum wages - bi-annual data,S,"Half-yearly, semesterly",EUR,Euro,SI,Slovenia,2017-S2,,805,,,,,
dataflow,ESTAT:EARN_MW_CUR(1.0),Monthly minimum wages - bi-annual data,S,"Half-yearly, semesterly",EUR,Euro,SI,Slovenia,2018-S1,,843,,,,,
dataflow,ESTAT:EARN_MW_CUR(1.0),Monthly minimum wages - bi-annual data,S,"Half-yearly, semesterly",EUR,Euro,SI,Slovenia,2018-S2,,843,,,,,
dataflow,ESTAT:EARN_MW_CUR(1.0),Monthly minimum wages - bi-annual data,S,"Half-yearly, semesterly",EUR,Euro,SI,Slovenia,2019-S1,,887,,,,,
dataflow,ESTAT:EARN_MW_CUR(1.0),Monthly minimum wages - bi-annual data,S,"Half-yearly, semesterly",EUR,Euro,SI,Slovenia,2019-S2,,887,,,,,
dataflow,ESTAT:EARN_MW_CUR(1.0),Monthly minimum wages - bi-annual data,S,"Half-yearly, semesterly",EUR,Euro,SI,Slovenia,2020-S1,,941,,,,,
dataflow,ESTAT:EARN_MW_CUR(1.0),Monthly minimum wages - bi-annual data,S,"Half-yearly, semesterly",EUR,Euro,SI,Slovenia,2020-S2,,941,,,,,
dataflow,ESTAT:EARN_MW_CUR(1.0),Monthly minimum wages - bi-annual data,S,"Half-yearly, semesterly",EUR,Euro,SI,Slovenia,2021-S1,,1024,,,,,
dataflow,ESTAT:EARN_MW_CUR(1.0),Monthly minimum wages - bi-annual data,S,"Half-yearly, semesterly",EUR,Euro,SI,Slovenia,2021-S2,,1024,,,,,
dataflow,ESTAT:EARN_MW_CUR(1.0),Monthly minimum wages - bi-annual data,S,"Half-yearly, semesterly",EUR,Euro,SI,Slovenia,2022-S1,,1074,,,,,
dataflow,ESTAT:EARN_MW_CUR(1.0),Monthly minimum wages - bi-annual data,S,"Half-yearly, semesterly",EUR,Euro,SI,Slovenia,2022-S2,,1074,,,,,
dataflow,ESTAT:EARN_MW_CUR(1.0),Monthly minimum wages - bi-annual data,S,"Half-yearly, semesterly",EUR,Euro,SI,Slovenia,2023-S1,,1203,,,,,
dataflow,ESTAT:EARN_MW_CUR(1.0),Monthly minimum wages - bi-annual data,S,"Half-yearly, semesterly",EUR,Euro,SI,Slovenia,2023-S2,,1203,,,,,
dataflow,ESTAT:EARN_MW_CUR(1.0),Monthly minimum wages - bi-annual data,S,"Half-yearly, semesterly",EUR,Euro,SI,Slovenia,2024-S1,,1254,,,,,
dataflow,ESTAT:EARN_MW_CUR(1.0),Monthly minimum wages - bi-annual data,S,"Half-yearly, semesterly",EUR,Euro,SI,Slovenia,2024-S2,,1254,,,,,
dataflow,ESTAT:EARN_MW_CUR(1.0),Monthly minimum wages - bi-annual data,S,"Half-yearly, semesterly",EUR,Euro,SI,Slovenia,2025-S1,,1278,,,,,
dataflow,ESTAT:EARN_MW_CUR(1.0),Monthly minimum wages - bi-annual data,S,"Half-yearly, semesterly",EUR,Euro,SI,Slovenia,2025-S2,,1278,,,,,
dataflow,ESTAT:EARN_MW_CUR(1.0),Monthly minimum wages - bi-annual data,S,"Half-yearly, semesterly",EUR,Euro,SK,Slovakia,1999-S1,,69,,,,,
dataflow,ESTAT:EARN_MW_CUR(1.0),Monthly minimum wages - bi-annual data,S,"Half-yearly, semesterly",EUR,Euro,SK,Slovakia,1999-S2,,79,,,,,
dataflow,ESTAT:EARN_MW_CUR(1.0),Monthly minimum wages - bi-annual data,S,"Half-yearly, semesterly",EUR,Euro,SK,Slovakia,2000-S1,,94,,,,,
dataflow,ESTAT:EARN_MW_CUR(1.0),Monthly minimum wages - bi-annual data,S,"Half-yearly, semesterly",EUR,Euro,SK,Slovakia,2000-S2,,94,,,,,
dataflow,ESTAT:EARN_MW_CUR(1.0),Monthly minimum wages - bi-annual data,S,"Half-yearly, semesterly",EUR,Euro,SK,Slovakia,2001-S1,,100,,,,,
dataflow,ESTAT:EARN_MW_CUR(1.0),Monthly minimum wages - bi-annual data,S,"Half-yearly, semesterly",EUR,Euro,SK,Slovakia,2001-S2,,104,,,,,
dataflow,ESTAT:EARN_MW_CUR(1.0),Monthly minimum wages - bi-annual data,S,"Half-yearly, semesterly",EUR,Euro,SK,Slovakia,2002-S1,,115,,,,,
dataflow,ESTAT:EARN_MW_CUR(1.0),Monthly minimum wages - bi-annual data,S,"Half-yearly, semesterly",EUR,Euro,SK,Slovakia,2002-S2,,112,,,,,
dataflow,ESTAT:EARN_MW_CUR(1.0),Monthly minimum wages - bi-annual data,S,"Half-yearly, semesterly",EUR,Euro,SK,Slovakia,2003-S1,,134,,,,,
dataflow,ESTAT:EARN_MW_CUR(1.0),Monthly minimum wages - bi-annual data,S,"Half-yearly, semesterly",EUR,Euro,SK,Slovakia,2003-S2,,134,,,,,
dataflow,ESTAT:EARN_MW_CUR(1.0),Monthly minimum wages - bi-annual data,S,"Half-yearly, semesterly",EUR,Euro,SK,Slovakia,2004-S1,,148,,,,,
dataflow,ESTAT:EARN_MW_CUR(1.0),Monthly minimum wages - bi-annual data,S,"Half-yearly, semesterly",EUR,Euro,SK,Slovakia,2004-S2,,152,,,,,
dataflow,ESTAT:EARN_MW_CUR(1.0),Monthly minimum wages - bi-annual data,S,"Half-yearly, semesterly",EUR,Euro,SK,Slovakia,2005-S1,,168,,,,,
dataflow,ESTAT:EARN_MW_CUR(1.0),Monthly minimum wages - bi-annual data,S,"Half-yearly, semesterly",EUR,Euro,SK,Slovakia,2005-S2,,169,,,,,
dataflow,ESTAT:EARN_MW_CUR(1.0),Monthly minimum wages - bi-annual data,S,"Half-yearly, semesterly",EUR,Euro,SK,Slovakia,2006-S1,,182,,,,,
dataflow,ESTAT:EARN_MW_CUR(1.0),Monthly minimum wages - bi-annual data,S,"Half-yearly, semesterly",EUR,Euro,SK,Slovakia,2006-S2,,180,,,,,
dataflow,ESTAT:EARN_MW_CUR(1.0),Monthly minimum wages - bi-annual data,S,"Half-yearly, semesterly",EUR,Euro,SK,Slovakia,2007-S1,,221,,,,,
dataflow,ESTAT:EARN_MW_CUR(1.0),Monthly minimum wages - bi-annual data,S,"Half-yearly, semesterly",EUR,Euro,SK,Slovakia,2007-S2,,226,,,,,
dataflow,ESTAT:EARN_MW_CUR(1.0),Monthly minimum wages - bi-annual data,S,"Half-yearly, semesterly",EUR,Euro,SK,Slovakia,2008-S1,,241,,,,,
dataflow,ESTAT:EARN_MW_CUR(1.0),Monthly minimum wages - bi-annual data,S,"Half-yearly, semesterly",EUR,Euro,SK,Slovakia,2008-S2,,268,,,,,
dataflow,ESTAT:EARN_MW_CUR(1.0),Monthly minimum wages - bi-annual data,S,"Half-yearly, semesterly",EUR,Euro,SK,Slovakia,2009-S1,,296,,,,,
dataflow,ESTAT:EARN_MW_CUR(1.0),Monthly minimum wages - bi-annual data,S,"Half-yearly, semesterly",EUR,Euro,SK,Slovakia,2009-S2,,296,,,,,
dataflow,ESTAT:EARN_MW_CUR(1.0),Monthly minimum wages - bi-annual data,S,"Half-yearly, semesterly",EUR,Euro,SK,Slovakia,2010-S1,,308,,,,,
dataflow,ESTAT:EARN_MW_CUR(1.0),Monthly minimum wages - bi-annual data,S,"Half-yearly, semesterly",EUR,Euro,SK,Slovakia,2010-S2,,308,,,,,
dataflow,ESTAT:EARN_MW_CUR(1.0),Monthly minimum wages - bi-annual data,S,"Half-yearly, semesterly",EUR,Euro,SK,Slovakia,2011-S1,,317,,,,,
dataflow,ESTAT:EARN_MW_CUR(1.0),Monthly minimum wages - bi-annual data,S,"Half-yearly, semesterly",EUR,Euro,SK,Slovakia,2011-S2,,317,,,,,
dataflow,ESTAT:EARN_MW_CUR(1.0),Monthly minimum wages - bi-annual data,S,"Half-yearly, semesterly",EUR,Euro,SK,Slovakia,2012-S1,,327,,,,,
dataflow,ESTAT:EARN_MW_CUR(1.0),Monthly minimum wages - bi-annual data,S,"Half-yearly, semesterly",EUR,Euro,SK,Slovakia,2012-S2,,327,,,,,
dataflow,ESTAT:EARN_MW_CUR(1.0),Monthly minimum wages - bi-annual data,S,"Half-yearly, semesterly",EUR,Euro,SK,Slovakia,2013-S1,,338,,,,,
dataflow,ESTAT:EARN_MW_CUR(1.0),Monthly minimum wages - bi-annual data,S,"Half-yearly, semesterly",EUR,Euro,SK,Slovakia,2013-S2,,338,,,,,
dataflow,ESTAT:EARN_MW_CUR(1.0),Monthly minimum wages - bi-annual data,S,"Half-yearly, semesterly",EUR,Euro,SK,Slovakia,2014-S1,,352,,,,,
dataflow,ESTAT:EARN_MW_CUR(1.0),Monthly minimum wages - bi-annual data,S,"Half-yearly, semesterly",EUR,Euro,SK,Slovakia,2014-S2,,352,,,,,
dataflow,ESTAT:EARN_MW_CUR(1.0),Monthly minimum wages - bi-annual data,S,"Half-yearly, semesterly",EUR,Euro,SK,Slovakia,2015-S1,,380,,,,,
dataflow,ESTAT:EARN_MW_CUR(1.0),Monthly minimum wages - bi-annual data,S,"Half-yearly, semesterly",EUR,Euro,SK,Slovakia,2015-S2,,380,,,,,
dataflow,ESTAT:EARN_MW_CUR(1.0),Monthly minimum wages - bi-annual data,S,"Half-yearly, semesterly",EUR,Euro,SK,Slovakia,2016-S1,,405,,,,,
dataflow,ESTAT:EARN_MW_CUR(1.0),Monthly minimum wages - bi-annual data,S,"Half-yearly, semesterly",EUR,Euro,SK,Slovakia,2016-S2,,405,,,,,
dataflow,ESTAT:EARN_MW_CUR(1.0),Monthly minimum wages - bi-annual data,S,"Half-yearly, semesterly",EUR,Euro,SK,Slovakia,2017-S1,,435,,,,,
dataflow,ESTAT:EARN_MW_CUR(1.0),Monthly minimum wages - bi-annual data,S,"Half-yearly, semesterly",EUR,Euro,SK,Slovakia,2017-S2,,435,,,,,
dataflow,ESTAT:EARN_MW_CUR(1.0),Monthly minimum wages - bi-annual data,S,"Half-yearly, semesterly",EUR,Euro,SK,Slovakia,2018-S1,,480,,,,,
dataflow,ESTAT:EARN_MW_CUR(1.0),Monthly minimum wages - bi-annual data,S,"Half-yearly, semesterly",EUR,Euro,SK,Slovakia,2018-S2,,480,,,,,
dataflow,ESTAT:EARN_MW_CUR(1.0),Monthly minimum wages - bi-annual data,S,"Half-yearly, semesterly",EUR,Euro,SK,Slovakia,2019-S1,,520,,,,,
dataflow,ESTAT:EARN_MW_CUR(1.0),Monthly minimum wages - bi-annual data,S,"Half-yearly, semesterly",EUR,Euro,SK,Slovakia,2019-S2,,520,,,,,
dataflow,ESTAT:EARN_MW_CUR(1.0),Monthly minimum wages - bi-annual data,S,"Half-yearly, semesterly",EUR,Euro,SK,Slovakia,2020-S1,,580,,,,,
dataflow,ESTAT:EARN_MW_CUR(1.0),Monthly minimum wages - bi-annual data,S,"Half-yearly, semesterly",EUR,Euro,SK,Slovakia,2020-S2,,580,,,,,
dataflow,ESTAT:EARN_MW_CUR(1.0),Monthly minimum wages - bi-annual data,S,"Half-yearly, semesterly",EUR,Euro,SK,Slovakia,2021-S1,,623,,,,,
dataflow,ESTAT:EARN_MW_CUR(1.0),Monthly minimum wages - bi-annual data,S,"Half-yearly, semesterly",EUR,Euro,SK,Slovakia,2021-S2,,623,,,,,
dataflow,ESTAT:EARN_MW_CUR(1.0),Monthly minimum wages - bi-annual data,S,"Half-yearly, semesterly",EUR,Euro,SK,Slovakia,2022-S1,,646,,,,,
dataflow,ESTAT:EARN_MW_CUR(1.0),Monthly minimum wages - bi-annual data,S,"Half-yearly, semesterly",EUR,Euro,SK,Slovakia,2022-S2,,646,,,,,
dataflow,ESTAT:EARN_MW_CUR(1.0),Monthly minimum wages - bi-annual data,S,"Half-yearly, semesterly",EUR,Euro,SK,Slovakia,2023-S1,,700,,,,,
dataflow,ESTAT:EARN_MW_CUR(1.0),Monthly minimum wages - bi-annual data,S,"Half-yearly, semesterly",EUR,Euro,SK,Slovakia,2023-S2,,700,,,,,
dataflow,ESTAT:EARN_MW_CUR(1.0),Monthly minimum wages - bi-annual data,S,"Half-yearly, semesterly",EUR,Euro,SK,Slovakia,2024-S1,,750,,,,,
dataflow,ESTAT:EARN_MW_CUR(1.0),Monthly minimum wages - bi-annual data,S,"Half-yearly, semesterly",EUR,Euro,SK,Slovakia,2024-S2,,750,,,,,
dataflow,ESTAT:EARN_MW_CUR(1.0),Monthly minimum wages - bi-annual data,S,"Half-yearly, semesterly",EUR,Euro,SK,Slovakia,2025-S1,,816,,,,,
dataflow,ESTAT:EARN_MW_CUR(1.0),Monthly minimum wages - bi-annual data,S,"Half-yearly, semesterly",EUR,Euro,SK,Slovakia,2025-S2,,816,,,,,
dataflow,ESTAT:EARN_MW_CUR(1.0),Monthly minimum wages - bi-annual data,S,"Half-yearly, semesterly",EUR,Euro,TR,Türkiye,1999-S1,,214,,,,,
dataflow,ESTAT:EARN_MW_CUR(1.0),Monthly minimum wages - bi-annual data,S,"Half-yearly, semesterly",EUR,Euro,TR,Türkiye,1999-S2,,215,,,,,
dataflow,ESTAT:EARN_MW_CUR(1.0),Monthly minimum wages - bi-annual data,S,"Half-yearly, semesterly",EUR,Euro,TR,Türkiye,2000-S1,,202,,,,,
dataflow,ESTAT:EARN_MW_CUR(1.0),Monthly minimum wages - bi-annual data,S,"Half-yearly, semesterly",EUR,Euro,TR,Türkiye,2000-S2,,201,,,,,
dataflow,ESTAT:EARN_MW_CUR(1.0),Monthly minimum wages - bi-annual data,S,"Half-yearly, semesterly",EUR,Euro,TR,Türkiye,2001-S1,,224,,,,,
dataflow,ESTAT:EARN_MW_CUR(1.0),Monthly minimum wages - bi-annual data,S,"Half-yearly, semesterly",EUR,Euro,TR,Türkiye,2001-S2,,157,,,,,
dataflow,ESTAT:EARN_MW_CUR(1.0),Monthly minimum wages - bi-annual data,S,"Half-yearly, semesterly",EUR,Euro,TR,Türkiye,2002-S1,,175,,,,,
dataflow,ESTAT:EARN_MW_CUR(1.0),Monthly minimum wages - bi-annual data,S,"Half-yearly, semesterly",EUR,Euro,TR,Türkiye,2002-S2,,159,,,,,
dataflow,ESTAT:EARN_MW_CUR(1.0),Monthly minimum wages - bi-annual data,S,"Half-yearly, semesterly",EUR,Euro,TR,Türkiye,2003-S1,,176,,,,,
dataflow,ESTAT:EARN_MW_CUR(1.0),Monthly minimum wages - bi-annual data,S,"Half-yearly, semesterly",EUR,Euro,TR,Türkiye,2003-S2,,189,,,,,
dataflow,ESTAT:EARN_MW_CUR(1.0),Monthly minimum wages - bi-annual data,S,"Half-yearly, semesterly",EUR,Euro,TR,Türkiye,2004-S1,,239,,,,,
dataflow,ESTAT:EARN_MW_CUR(1.0),Monthly minimum wages - bi-annual data,S,"Half-yearly, semesterly",EUR,Euro,TR,Türkiye,2004-S2,,246,,,,,
dataflow,ESTAT:EARN_MW_CUR(1.0),Monthly minimum wages - bi-annual data,S,"Half-yearly, semesterly",EUR,Euro,TR,Türkiye,2005-S1,,266,,,,,
dataflow,ESTAT:EARN_MW_CUR(1.0),Monthly minimum wages - bi-annual data,S,"Half-yearly, semesterly",EUR,Euro,TR,Türkiye,2005-S2,,302,,,,,
dataflow,ESTAT:EARN_MW_CUR(1.0),Monthly minimum wages - bi-annual data,S,"Half-yearly, semesterly",EUR,Euro,TR,Türkiye,2006-S1,,333,,,,,
dataflow,ESTAT:EARN_MW_CUR(1.0),Monthly minimum wages - bi-annual data,S,"Half-yearly, semesterly",EUR,Euro,TR,Türkiye,2006-S2,,265,,,,,
dataflow,ESTAT:EARN_MW_CUR(1.0),Monthly minimum wages - bi-annual data,S,"Half-yearly, semesterly",EUR,Euro,TR,Türkiye,2007-S1,,302,,,,,
dataflow,ESTAT:EARN_MW_CUR(1.0),Monthly minimum wages - bi-annual data,S,"Half-yearly, semesterly",EUR,Euro,TR,Türkiye,2007-S2,,330,,,,,
dataflow,ESTAT:EARN_MW_CUR(1.0),Monthly minimum wages - bi-annual data,S,"Half-yearly, semesterly",EUR,Euro,TR,Türkiye,2008-S1,,354,,,,,
dataflow,ESTAT:EARN_MW_CUR(1.0),Monthly minimum wages - bi-annual data,S,"Half-yearly, semesterly",EUR,Euro,TR,Türkiye,2008-S2,,331,,,,,
dataflow,ESTAT:EARN_MW_CUR(1.0),Monthly minimum wages - bi-annual data,S,"Half-yearly, semesterly",EUR,Euro,TR,Türkiye,2009-S1,,310,,,,,
dataflow,ESTAT:EARN_MW_CUR(1.0),Monthly minimum wages - bi-annual data,S,"Half-yearly, semesterly",EUR,Euro,TR,Türkiye,2009-S2,,321,,,,,
dataflow,ESTAT:EARN_MW_CUR(1.0),Monthly minimum wages - bi-annual data,S,"Half-yearly, semesterly",EUR,Euro,TR,Türkiye,2010-S1,,338,,,,,
dataflow,ESTAT:EARN_MW_CUR(1.0),Monthly minimum wages - bi-annual data,S,"Half-yearly, semesterly",EUR,Euro,TR,Türkiye,2010-S2,,392,,,,,
dataflow,ESTAT:EARN_MW_CUR(1.0),Monthly minimum wages - bi-annual data,S,"Half-yearly, semesterly",EUR,Euro,TR,Türkiye,2011-S1,,385,,,,,
dataflow,ESTAT:EARN_MW_CUR(1.0),Monthly minimum wages - bi-annual data,S,"Half-yearly, semesterly",EUR,Euro,TR,Türkiye,2011-S2,,356,,,,,
dataflow,ESTAT:EARN_MW_CUR(1.0),Monthly minimum wages - bi-annual data,S,"Half-yearly, semesterly",EUR,Euro,TR,Türkiye,2012-S1,,363,,,,,
dataflow,ESTAT:EARN_MW_CUR(1.0),Monthly minimum wages - bi-annual data,S,"Half-yearly, semesterly",EUR,Euro,TR,Türkiye,2012-S2,,412,,,,,
dataflow,ESTAT:EARN_MW_CUR(1.0),Monthly minimum wages - bi-annual data,S,"Half-yearly, semesterly",EUR,Euro,TR,Türkiye,2013-S1,,416,,,,,
dataflow,ESTAT:EARN_MW_CUR(1.0),Monthly minimum wages - bi-annual data,S,"Half-yearly, semesterly",EUR,Euro,TR,Türkiye,2013-S2,,405,,,,,
dataflow,ESTAT:EARN_MW_CUR(1.0),Monthly minimum wages - bi-annual data,S,"Half-yearly, semesterly",EUR,Euro,TR,Türkiye,2014-S1,,362,,,,,
dataflow,ESTAT:EARN_MW_CUR(1.0),Monthly minimum wages - bi-annual data,S,"Half-yearly, semesterly",EUR,Euro,TR,Türkiye,2014-S2,,391,,,,,
dataflow,ESTAT:EARN_MW_CUR(1.0),Monthly minimum wages - bi-annual data,S,"Half-yearly, semesterly",EUR,Euro,TR,Türkiye,2015-S1,,424,,,,,
dataflow,ESTAT:EARN_MW_CUR(1.0),Monthly minimum wages - bi-annual data,S,"Half-yearly, semesterly",EUR,Euro,TR,Türkiye,2015-S2,,425,,,,,
dataflow,ESTAT:EARN_MW_CUR(1.0),Monthly minimum wages - bi-annual data,S,"Half-yearly, semesterly",EUR,Euro,TR,Türkiye,2016-S1,,519,,,,,
dataflow,ESTAT:EARN_MW_CUR(1.0),Monthly minimum wages - bi-annual data,S,"Half-yearly, semesterly",EUR,Euro,TR,Türkiye,2016-S2,,514,,,,,
dataflow,ESTAT:EARN_MW_CUR(1.0),Monthly minimum wages - bi-annual data,S,"Half-yearly, semesterly",EUR,Euro,TR,Türkiye,2017-S1,,479,,,,,
dataflow,ESTAT:EARN_MW_CUR(1.0),Monthly minimum wages - bi-annual data,S,"Half-yearly, semesterly",EUR,Euro,TR,Türkiye,2017-S2,,443,,,,,
dataflow,ESTAT:EARN_MW_CUR(1.0),Monthly minimum wages - bi-annual data,S,"Half-yearly, semesterly",EUR,Euro,TR,Türkiye,2018-S1,,446,,,,,
dataflow,ESTAT:EARN_MW_CUR(1.0),Monthly minimum wages - bi-annual data,S,"Half-yearly, semesterly",EUR,Euro,TR,Türkiye,2018-S2,,380,,,,,
dataflow,ESTAT:EARN_MW_CUR(1.0),Monthly minimum wages - bi-annual data,S,"Half-yearly, semesterly",EUR,Euro,TR,Türkiye,2019-S1,,422,,,,,
dataflow,ESTAT:EARN_MW_CUR(1.0),Monthly minimum wages - bi-annual data,S,"Half-yearly, semesterly",EUR,Euro,TR,Türkiye,2019-S2,,390,,,,,
dataflow,ESTAT:EARN_MW_CUR(1.0),Monthly minimum wages - bi-annual data,S,"Half-yearly, semesterly",EUR,Euro,TR,Türkiye,2020-S1,,440,,,,,
dataflow,ESTAT:EARN_MW_CUR(1.0),Monthly minimum wages - bi-annual data,S,"Half-yearly, semesterly",EUR,Euro,TR,Türkiye,2020-S2,,383,,,,,
dataflow,ESTAT:EARN_MW_CUR(1.0),Monthly minimum wages - bi-annual data,S,"Half-yearly, semesterly",EUR,Euro,TR,Türkiye,2021-S1,,393,,,,,
dataflow,ESTAT:EARN_MW_CUR(1.0),Monthly minimum wages - bi-annual data,S,"Half-yearly, semesterly",EUR,Euro,TR,Türkiye,2021-S2,,347,,,,,
dataflow,ESTAT:EARN_MW_CUR(1.0),Monthly minimum wages - bi-annual data,S,"Half-yearly, semesterly",EUR,Euro,TR,Türkiye,2022-S1,,328,,,,,
dataflow,ESTAT:EARN_MW_CUR(1.0),Monthly minimum wages - bi-annual data,S,"Half-yearly, semesterly",EUR,Euro,TR,Türkiye,2022-S2,,374,,,,,
dataflow,ESTAT:EARN_MW_CUR(1.0),Monthly minimum wages - bi-annual data,S,"Half-yearly, semesterly",EUR,Euro,TR,Türkiye,2023-S1,,501,,,,,
dataflow,ESTAT:EARN_MW_CUR(1.0),Monthly minimum wages - bi-annual data,S,"Half-yearly, semesterly",EUR,Euro,TR,Türkiye,2023-S2,,474,,,,,
dataflow,ESTAT:EARN_MW_CUR(1.0),Monthly minimum wages - bi-annual data,S,"Half-yearly, semesterly",EUR,Euro,TR,Türkiye,2024-S1,,613,,,,,
dataflow,ESTAT:EARN_MW_CUR(1.0),Monthly minimum wages - bi-annual data,S,"Half-yearly, semesterly",EUR,Euro,TR,Türkiye,2024-S2,,568,,,,,
dataflow,ESTAT:EARN_MW_CUR(1.0),Monthly minimum wages - bi-annual data,S,"Half-yearly, semesterly",EUR,Euro,TR,Türkiye,2025-S1,,708,,,,,
dataflow,ESTAT:EARN_MW_CUR(1.0),Monthly minimum wages - bi-annual data,S,"Half-yearly, semesterly",EUR,Euro,TR,Türkiye,2025-S2,,558,,,,,
dataflow,ESTAT:EARN_MW_CUR(1.0),Monthly minimum wages - bi-annual data,S,"Half-yearly, semesterly",EUR,Euro,UA,Ukraine,1999-S2,,18,,,,,
dataflow,ESTAT:EARN_MW_CUR(1.0),Monthly minimum wages - bi-annual data,S,"Half-yearly, semesterly",EUR,Euro,UA,Ukraine,2000-S1,,14,,,,,
dataflow,ESTAT:EARN_MW_CUR(1.0),Monthly minimum wages - bi-annual data,S,"Half-yearly, semesterly",EUR,Euro,UA,Ukraine,2000-S2,,23,,,,,
dataflow,ESTAT:EARN_MW_CUR(1.0),Monthly minimum wages - bi-annual data,S,"Half-yearly, semesterly",EUR,Euro,UA,Ukraine,2001-S1,,23,,,,,
dataflow,ESTAT:EARN_MW_CUR(1.0),Monthly minimum wages - bi-annual data,S,"Half-yearly, semesterly",EUR,Euro,UA,Ukraine,2001-S2,,25,,,,,
dataflow,ESTAT:EARN_MW_CUR(1.0),Monthly minimum wages - bi-annual data,S,"Half-yearly, semesterly",EUR,Euro,UA,Ukraine,2002-S1,,30,,,,,
dataflow,ESTAT:EARN_MW_CUR(1.0),Monthly minimum wages - bi-annual data,S,"Half-yearly, semesterly",EUR,Euro,UA,Ukraine,2002-S2,,32,,,,,
dataflow,ESTAT:EARN_MW_CUR(1.0),Monthly minimum wages - bi-annual data,S,"Half-yearly, semesterly",EUR,Euro,UA,Ukraine,2003-S1,,33,,,,,
dataflow,ESTAT:EARN_MW_CUR(1.0),Monthly minimum wages - bi-annual data,S,"Half-yearly, semesterly",EUR,Euro,UA,Ukraine,2003-S2,,30,,,,,
dataflow,ESTAT:EARN_MW_CUR(1.0),Monthly minimum wages - bi-annual data,S,"Half-yearly, semesterly",EUR,Euro,UA,Ukraine,2004-S1,,31,,,,,
dataflow,ESTAT:EARN_MW_CUR(1.0),Monthly minimum wages - bi-annual data,S,"Half-yearly, semesterly",EUR,Euro,UA,Ukraine,2004-S2,,32,,,,,
dataflow,ESTAT:EARN_MW_CUR(1.0),Monthly minimum wages - bi-annual data,S,"Half-yearly, semesterly",EUR,Euro,UA,Ukraine,2005-S1,,36,,,,,
dataflow,ESTAT:EARN_MW_CUR(1.0),Monthly minimum wages - bi-annual data,S,"Half-yearly, semesterly",EUR,Euro,UA,Ukraine,2005-S2,,51,,,,,
dataflow,ESTAT:EARN_MW_CUR(1.0),Monthly minimum wages - bi-annual data,S,"Half-yearly, semesterly",EUR,Euro,UA,Ukraine,2006-S1,,59,,,,,
dataflow,ESTAT:EARN_MW_CUR(1.0),Monthly minimum wages - bi-annual data,S,"Half-yearly, semesterly",EUR,Euro,UA,Ukraine,2006-S2,,59,,,,,
dataflow,ESTAT:EARN_MW_CUR(1.0),Monthly minimum wages - bi-annual data,S,"Half-yearly, semesterly",EUR,Euro,UA,Ukraine,2007-S1,,60,,,,,
dataflow,ESTAT:EARN_MW_CUR(1.0),Monthly minimum wages - bi-annual data,S,"Half-yearly, semesterly",EUR,Euro,UA,Ukraine,2007-S2,,65,,,,,
dataflow,ESTAT:EARN_MW_CUR(1.0),Monthly minimum wages - bi-annual data,S,"Half-yearly, semesterly",EUR,Euro,UA,Ukraine,2008-S1,,69,,,,,
dataflow,ESTAT:EARN_MW_CUR(1.0),Monthly minimum wages - bi-annual data,S,"Half-yearly, semesterly",EUR,Euro,UA,Ukraine,2008-S2,,69,,,,,
dataflow,ESTAT:EARN_MW_CUR(1.0),Monthly minimum wages - bi-annual data,S,"Half-yearly, semesterly",EUR,Euro,UA,Ukraine,2009-S1,,56,,,,,
dataflow,ESTAT:EARN_MW_CUR(1.0),Monthly minimum wages - bi-annual data,S,"Half-yearly, semesterly",EUR,Euro,UA,Ukraine,2009-S2,,59,,,,,
dataflow,ESTAT:EARN_MW_CUR(1.0),Monthly minimum wages - bi-annual data,S,"Half-yearly, semesterly",EUR,Euro,UA,Ukraine,2010-S1,,76,,,,,
dataflow,ESTAT:EARN_MW_CUR(1.0),Monthly minimum wages - bi-annual data,S,"Half-yearly, semesterly",EUR,Euro,UA,Ukraine,2010-S2,,92,,,,,
dataflow,ESTAT:EARN_MW_CUR(1.0),Monthly minimum wages - bi-annual data,S,"Half-yearly, semesterly",EUR,Euro,UA,Ukraine,2011-S1,,89,,,,,
dataflow,ESTAT:EARN_MW_CUR(1.0),Monthly minimum wages - bi-annual data,S,"Half-yearly, semesterly",EUR,Euro,UA,Ukraine,2011-S2,,83,,,,,
dataflow,ESTAT:EARN_MW_CUR(1.0),Monthly minimum wages - bi-annual data,S,"Half-yearly, semesterly",EUR,Euro,UA,Ukraine,2012-S1,,104,,,,,
dataflow,ESTAT:EARN_MW_CUR(1.0),Monthly minimum wages - bi-annual data,S,"Half-yearly, semesterly",EUR,Euro,UA,Ukraine,2012-S2,,111,,,,,
dataflow,ESTAT:EARN_MW_CUR(1.0),Monthly minimum wages - bi-annual data,S,"Half-yearly, semesterly",EUR,Euro,UA,Ukraine,2013-S1,,109,,,,,
dataflow,ESTAT:EARN_MW_CUR(1.0),Monthly minimum wages - bi-annual data,S,"Half-yearly, semesterly",EUR,Euro,UA,Ukraine,2013-S2,,110,,,,,
dataflow,ESTAT:EARN_MW_CUR(1.0),Monthly minimum wages - bi-annual data,S,"Half-yearly, semesterly",EUR,Euro,UA,Ukraine,2014-S1,,110,,,,,
dataflow,ESTAT:EARN_MW_CUR(1.0),Monthly minimum wages - bi-annual data,S,"Half-yearly, semesterly",EUR,Euro,UA,Ukraine,2014-S2,,76,,,,,
dataflow,ESTAT:EARN_MW_CUR(1.0),Monthly minimum wages - bi-annual data,S,"Half-yearly, semesterly",EUR,Euro,UA,Ukraine,2015-S1,,63,,,,,
dataflow,ESTAT:EARN_MW_CUR(1.0),Monthly minimum wages - bi-annual data,S,"Half-yearly, semesterly",EUR,Euro,UA,Ukraine,2015-S2,,52,,,,,
dataflow,ESTAT:EARN_MW_CUR(1.0),Monthly minimum wages - bi-annual data,S,"Half-yearly, semesterly",EUR,Euro,UA,Ukraine,2016-S1,,53,,,,,
dataflow,ESTAT:EARN_MW_CUR(1.0),Monthly minimum wages - bi-annual data,S,"Half-yearly, semesterly",EUR,Euro,UA,Ukraine,2016-S2,,53,,,,,
dataflow,ESTAT:EARN_MW_CUR(1.0),Monthly minimum wages - bi-annual data,S,"Half-yearly, semesterly",EUR,Euro,UA,Ukraine,2017-S1,,113,,,,,
dataflow,ESTAT:EARN_MW_CUR(1.0),Monthly minimum wages - bi-annual data,S,"Half-yearly, semesterly",EUR,Euro,UA,Ukraine,2017-S2,,107,,,,,
dataflow,ESTAT:EARN_MW_CUR(1.0),Monthly minimum wages - bi-annual data,S,"Half-yearly, semesterly",EUR,Euro,UA,Ukraine,2018-S1,,111,,,,,
dataflow,ESTAT:EARN_MW_CUR(1.0),Monthly minimum wages - bi-annual data,S,"Half-yearly, semesterly",EUR,Euro,UA,Ukraine,2018-S2,,122,,,,,
dataflow,ESTAT:EARN_MW_CUR(1.0),Monthly minimum wages - bi-annual data,S,"Half-yearly, semesterly",EUR,Euro,UA,Ukraine,2019-S1,,132,,,,,
dataflow,ESTAT:EARN_MW_CUR(1.0),Monthly minimum wages - bi-annual data,S,"Half-yearly, semesterly",EUR,Euro,UA,Ukraine,2019-S2,,140,,,,,
dataflow,ESTAT:EARN_MW_CUR(1.0),Monthly minimum wages - bi-annual data,S,"Half-yearly, semesterly",EUR,Euro,UA,Ukraine,2020-S1,,183,,,,,
dataflow,ESTAT:EARN_MW_CUR(1.0),Monthly minimum wages - bi-annual data,S,"Half-yearly, semesterly",EUR,Euro,UA,Ukraine,2020-S2,,158,,,,,
dataflow,ESTAT:EARN_MW_CUR(1.0),Monthly minimum wages - bi-annual data,S,"Half-yearly, semesterly",EUR,Euro,UA,Ukraine,2021-S1,,173,,,,,
dataflow,ESTAT:EARN_MW_CUR(1.0),Monthly minimum wages - bi-annual data,S,"Half-yearly, semesterly",EUR,Euro,UA,Ukraine,2021-S2,,186,,,,,
dataflow,ESTAT:EARN_MW_CUR(1.0),Monthly minimum wages - bi-annual data,S,"Half-yearly, semesterly",EUR,Euro,UA,Ukraine,2022-S1,,210,,,,,
dataflow,ESTAT:EARN_MW_CUR(1.0),Monthly minimum wages - bi-annual data,S,"Half-yearly, semesterly",EUR,Euro,UA,Ukraine,2022-S2,,211,,,,,
dataflow,ESTAT:EARN_MW_CUR(1.0),Monthly minimum wages - bi-annual data,S,"Half-yearly, semesterly",EUR,Euro,UA,Ukraine,2023-S1,,172,,,,,
dataflow,ESTAT:EARN_MW_CUR(1.0),Monthly minimum wages - bi-annual data,S,"Half-yearly, semesterly",EUR,Euro,UA,Ukraine,2023-S2,,168,,,,,
dataflow,ESTAT:EARN_MW_CUR(1.0),Monthly minimum wages - bi-annual data,S,"Half-yearly, semesterly",EUR,Euro,UA,Ukraine,2024-S1,,168,,,,,
dataflow,ESTAT:EARN_MW_CUR(1.0),Monthly minimum wages - bi-annual data,S,"Half-yearly, semesterly",EUR,Euro,UA,Ukraine,2024-S2,,185,,,,,
dataflow,ESTAT:EARN_MW_CUR(1.0),Monthly minimum wages - bi-annual data,S,"Half-yearly, semesterly",EUR,Euro,UA,Ukraine,2025-S1,,182,,,,,
dataflow,ESTAT:EARN_MW_CUR(1.0),Monthly minimum wages - bi-annual data,S,"Half-yearly, semesterly",EUR,Euro,UA,Ukraine,2025-S2,,164,,,,,
dataflow,ESTAT:EARN_MW_CUR(1.0),Monthly minimum wages - bi-annual data,S,"Half-yearly, semesterly",EUR,Euro,UK,United Kingdom,1999-S1,,,,m,missing value; data cannot exist,,
dataflow,ESTAT:EARN_MW_CUR(1.0),Monthly minimum wages - bi-annual data,S,"Half-yearly, semesterly",EUR,Euro,UK,United Kingdom,1999-S2,,902,,,,,
dataflow,ESTAT:EARN_MW_CUR(1.0),Monthly minimum wages - bi-annual data,S,"Half-yearly, semesterly",EUR,Euro,UK,United Kingdom,2000-S1,,952,,,,,
dataflow,ESTAT:EARN_MW_CUR(1.0),Monthly minimum wages - bi-annual data,S,"Half-yearly, semesterly",EUR,Euro,UK,United Kingdom,2000-S2,,936,,,,,
dataflow,ESTAT:EARN_MW_CUR(1.0),Monthly minimum wages - bi-annual data,S,"Half-yearly, semesterly",EUR,Euro,UK,United Kingdom,2001-S1,,977,,,,,
dataflow,ESTAT:EARN_MW_CUR(1.0),Monthly minimum wages - bi-annual data,S,"Half-yearly, semesterly",EUR,Euro,UK,United Kingdom,2001-S2,,1011,,,,,
dataflow,ESTAT:EARN_MW_CUR(1.0),Monthly minimum wages - bi-annual data,S,"Half-yearly, semesterly",EUR,Euro,UK,United Kingdom,2002-S1,,1109,,,,,
dataflow,ESTAT:EARN_MW_CUR(1.0),Monthly minimum wages - bi-annual data,S,"Half-yearly, semesterly",EUR,Euro,UK,United Kingdom,2002-S2,,1039,,,,,
dataflow,ESTAT:EARN_MW_CUR(1.0),Monthly minimum wages - bi-annual data,S,"Half-yearly, semesterly",EUR,Euro,UK,United Kingdom,2003-S1,,1064,,,,,
dataflow,ESTAT:EARN_MW_CUR(1.0),Monthly minimum wages - bi-annual data,S,"Half-yearly, semesterly",EUR,Euro,UK,United Kingdom,2003-S2,,998,,,,,
dataflow,ESTAT:EARN_MW_CUR(1.0),Monthly minimum wages - bi-annual data,S,"Half-yearly, semesterly",EUR,Euro,UK,United Kingdom,2004-S1,,1054,,,,,
dataflow,ESTAT:EARN_MW_CUR(1.0),Monthly minimum wages - bi-annual data,S,"Half-yearly, semesterly",EUR,Euro,UK,United Kingdom,2004-S2,,1108,,,,,
dataflow,ESTAT:EARN_MW_CUR(1.0),Monthly minimum wages - bi-annual data,S,"Half-yearly, semesterly",EUR,Euro,UK,United Kingdom,2005-S1,,1135,,,,,
dataflow,ESTAT:EARN_MW_CUR(1.0),Monthly minimum wages - bi-annual data,S,"Half-yearly, semesterly",EUR,Euro,UK,United Kingdom,2005-S2,,1187,,,,,
dataflow,ESTAT:EARN_MW_CUR(1.0),Monthly minimum wages - bi-annual data,S,"Half-yearly, semesterly",EUR,Euro,UK,United Kingdom,2006-S1,,1213,,,,,
dataflow,ESTAT:EARN_MW_CUR(1.0),Monthly minimum wages - bi-annual data,S,"Half-yearly, semesterly",EUR,Euro,UK,United Kingdom,2006-S2,,1201,,,,,
dataflow,ESTAT:EARN_MW_CUR(1.0),Monthly minimum wages - bi-annual data,S,"Half-yearly, semesterly",EUR,Euro,UK,United Kingdom,2007-S1,,1315,,,,,
dataflow,ESTAT:EARN_MW_CUR(1.0),Monthly minimum wages - bi-annual data,S,"Half-yearly, semesterly",EUR,Euro,UK,United Kingdom,2007-S2,,1310,,,,,
dataflow,ESTAT:EARN_MW_CUR(1.0),Monthly minimum wages - bi-annual data,S,"Half-yearly, semesterly",EUR,Euro,UK,United Kingdom,2008-S1,,1242,,,,,
dataflow,ESTAT:EARN_MW_CUR(1.0),Monthly minimum wages - bi-annual data,S,"Half-yearly, semesterly",EUR,Euro,UK,United Kingdom,2008-S2,,1150,,,,,
dataflow,ESTAT:EARN_MW_CUR(1.0),Monthly minimum wages - bi-annual data,S,"Half-yearly, semesterly",EUR,Euro,UK,United Kingdom,2009-S1,,995,,,,,
dataflow,ESTAT:EARN_MW_CUR(1.0),Monthly minimum wages - bi-annual data,S,"Half-yearly, semesterly",EUR,Euro,UK,United Kingdom,2009-S2,,1113,,,,,
dataflow,ESTAT:EARN_MW_CUR(1.0),Monthly minimum wages - bi-annual data,S,"Half-yearly, semesterly",EUR,Euro,UK,United Kingdom,2010-S1,,1076,,,,,
dataflow,ESTAT:EARN_MW_CUR(1.0),Monthly minimum wages - bi-annual data,S,"Half-yearly, semesterly",EUR,Euro,UK,United Kingdom,2010-S2,,1169,,,,,
dataflow,ESTAT:EARN_MW_CUR(1.0),Monthly minimum wages - bi-annual data,S,"Half-yearly, semesterly",EUR,Euro,UK,United Kingdom,2011-S1,,1136,,,,,
dataflow,ESTAT:EARN_MW_CUR(1.0),Monthly minimum wages - bi-annual data,S,"Half-yearly, semesterly",EUR,Euro,UK,United Kingdom,2011-S2,,1084,,,,,
dataflow,ESTAT:EARN_MW_CUR(1.0),Monthly minimum wages - bi-annual data,S,"Half-yearly, semesterly",EUR,Euro,UK,United Kingdom,2012-S1,,1202,,,,,
dataflow,ESTAT:EARN_MW_CUR(1.0),Monthly minimum wages - bi-annual data,S,"Half-yearly, semesterly",EUR,Euro,UK,United Kingdom,2012-S2,,1244,,,,,
dataflow,ESTAT:EARN_MW_CUR(1.0),Monthly minimum wages - bi-annual data,S,"Half-yearly, semesterly",EUR,Euro,UK,United Kingdom,2013-S1,,1250,,,,,
dataflow,ESTAT:EARN_MW_CUR(1.0),Monthly minimum wages - bi-annual data,S,"Half-yearly, semesterly",EUR,Euro,UK,United Kingdom,2013-S2,,1190,,,,,
dataflow,ESTAT:EARN_MW_CUR(1.0),Monthly minimum wages - bi-annual data,S,"Half-yearly, semesterly",EUR,Euro,UK,United Kingdom,2014-S1,,1251,,,,,
dataflow,ESTAT:EARN_MW_CUR(1.0),Monthly minimum wages - bi-annual data,S,"Half-yearly, semesterly",EUR,Euro,UK,United Kingdom,2014-S2,,1301,,,,,
dataflow,ESTAT:EARN_MW_CUR(1.0),Monthly minimum wages - bi-annual data,S,"Half-yearly, semesterly",EUR,Euro,UK,United Kingdom,2015-S1,,1379,,,,,
dataflow,ESTAT:EARN_MW_CUR(1.0),Monthly minimum wages - bi-annual data,S,"Half-yearly, semesterly",EUR,Euro,UK,United Kingdom,2015-S2,,1510,,,,,
dataflow,ESTAT:EARN_MW_CUR(1.0),Monthly minimum wages - bi-annual data,S,"Half-yearly, semesterly",EUR,Euro,UK,United Kingdom,2016-S1,,1512,,,,,
dataflow,ESTAT:EARN_MW_CUR(1.0),Monthly minimum wages - bi-annual data,S,"Half-yearly, semesterly",EUR,Euro,UK,United Kingdom,2016-S2,,1443,,,,,
dataflow,ESTAT:EARN_MW_CUR(1.0),Monthly minimum wages - bi-annual data,S,"Half-yearly, semesterly",EUR,Euro,UK,United Kingdom,2017-S1,,1393,,,,,
dataflow,ESTAT:EARN_MW_CUR(1.0),Monthly minimum wages - bi-annual data,S,"Half-yearly, semesterly",EUR,Euro,UK,United Kingdom,2017-S2,,1414,,,,,
dataflow,ESTAT:EARN_MW_CUR(1.0),Monthly minimum wages - bi-annual data,S,"Half-yearly, semesterly",EUR,Euro,UK,United Kingdom,2018-S1,,1400,,,,,
dataflow,ESTAT:EARN_MW_CUR(1.0),Monthly minimum wages - bi-annual data,S,"Half-yearly, semesterly",EUR,Euro,UK,United Kingdom,2018-S2,,1467,,,,,
dataflow,ESTAT:EARN_MW_CUR(1.0),Monthly minimum wages - bi-annual data,S,"Half-yearly, semesterly",EUR,Euro,UK,United Kingdom,2019-S1,,1453,,,,,
dataflow,ESTAT:EARN_MW_CUR(1.0),Monthly minimum wages - bi-annual data,S,"Half-yearly, semesterly",EUR,Euro,UK,United Kingdom,2019-S2,,1517,,,,,
dataflow,ESTAT:EARN_MW_CUR(1.0),Monthly minimum wages - bi-annual data,S,"Half-yearly, semesterly",EUR,Euro,UK,United Kingdom,2020-S1,,1599,,,,,
dataflow,ESTAT:EARN_MW_CUR(1.0),Monthly minimum wages - bi-annual data,S,"Half-yearly, semesterly",EUR,Euro,UK,United Kingdom,2020-S2,,1583,,,,,
dataflow,ESTAT:EARN_MW_CUR(1.0),Monthly minimum wages - bi-annual data,S,"Half-yearly, semesterly",EUR,Euro,US,United States,1999-S1,,765,,,,,
dataflow,ESTAT:EARN_MW_CUR(1.0),Monthly minimum wages - bi-annual data,S,"Half-yearly, semesterly",EUR,Euro,US,United States,1999-S2,,864,,,,,
dataflow,ESTAT:EARN_MW_CUR(1.0),Monthly minimum wages - bi-annual data,S,"Half-yearly, semesterly",EUR,Euro,US,United States,2000-S1,,889,,,,,
dataflow,ESTAT:EARN_MW_CUR(1.0),Monthly minimum wages - bi-annual data,S,"Half-yearly, semesterly",EUR,Euro,US,United States,2000-S2,,934,,,,,
dataflow,ESTAT:EARN_MW_CUR(1.0),Monthly minimum wages - bi-annual data,S,"Half-yearly, semesterly",EUR,Euro,US,United States,2001-S1,,959,,,,,
dataflow,ESTAT:EARN_MW_CUR(1.0),Monthly minimum wages - bi-annual data,S,"Half-yearly, semesterly",EUR,Euro,US,United States,2001-S2,,1053,,,,,
dataflow,ESTAT:EARN_MW_CUR(1.0),Monthly minimum wages - bi-annual data,S,"Half-yearly, semesterly",EUR,Euro,US,United States,2002-S1,,1013,,,,,
dataflow,ESTAT:EARN_MW_CUR(1.0),Monthly minimum wages - bi-annual data,S,"Half-yearly, semesterly",EUR,Euro,US,United States,2002-S2,,895,,,,,
dataflow,ESTAT:EARN_MW_CUR(1.0),Monthly minimum wages - bi-annual data,S,"Half-yearly, semesterly",EUR,Euro,US,United States,2003-S1,,851,,,,,
dataflow,ESTAT:EARN_MW_CUR(1.0),Monthly minimum wages - bi-annual data,S,"Half-yearly, semesterly",EUR,Euro,US,United States,2003-S2,,781,,,,,
dataflow,ESTAT:EARN_MW_CUR(1.0),Monthly minimum wages - bi-annual data,S,"Half-yearly, semesterly",EUR,Euro,US,United States,2004-S1,,707,,,,,
dataflow,ESTAT:EARN_MW_CUR(1.0),Monthly minimum wages - bi-annual data,S,"Half-yearly, semesterly",EUR,Euro,US,United States,2004-S2,,734,,,,,
dataflow,ESTAT:EARN_MW_CUR(1.0),Monthly minimum wages - bi-annual data,S,"Half-yearly, semesterly",EUR,Euro,US,United States,2005-S1,,655,,,,,
dataflow,ESTAT:EARN_MW_CUR(1.0),Monthly minimum wages - bi-annual data,S,"Half-yearly, semesterly",EUR,Euro,US,United States,2005-S2,,738,,,,,
dataflow,ESTAT:EARN_MW_CUR(1.0),Monthly minimum wages - bi-annual data,S,"Half-yearly, semesterly",EUR,Euro,US,United States,2006-S1,,757,,,,,
dataflow,ESTAT:EARN_MW_CUR(1.0),Monthly minimum wages - bi-annual data,S,"Half-yearly, semesterly",EUR,Euro,US,United States,2006-S2,,702,,,,,
dataflow,ESTAT:EARN_MW_CUR(1.0),Monthly minimum wages - bi-annual data,S,"Half-yearly, semesterly",EUR,Euro,US,United States,2007-S1,,678,,,,,
dataflow,ESTAT:EARN_MW_CUR(1.0),Monthly minimum wages - bi-annual data,S,"Half-yearly, semesterly",EUR,Euro,US,United States,2007-S2,,661,,,,,
dataflow,ESTAT:EARN_MW_CUR(1.0),Monthly minimum wages - bi-annual data,S,"Half-yearly, semesterly",EUR,Euro,US,United States,2008-S1,,689,,,,,
dataflow,ESTAT:EARN_MW_CUR(1.0),Monthly minimum wages - bi-annual data,S,"Half-yearly, semesterly",EUR,Euro,US,United States,2008-S2,,643,,,,,
dataflow,ESTAT:EARN_MW_CUR(1.0),Monthly minimum wages - bi-annual data,S,"Half-yearly, semesterly",EUR,Euro,US,United States,2009-S1,,816,,,,,
dataflow,ESTAT:EARN_MW_CUR(1.0),Monthly minimum wages - bi-annual data,S,"Half-yearly, semesterly",EUR,Euro,US,United States,2009-S2,,803,,,,,
dataflow,ESTAT:EARN_MW_CUR(1.0),Monthly minimum wages - bi-annual data,S,"Half-yearly, semesterly",EUR,Euro,US,United States,2010-S1,,872,,,,,
dataflow,ESTAT:EARN_MW_CUR(1.0),Monthly minimum wages - bi-annual data,S,"Half-yearly, semesterly",EUR,Euro,US,United States,2010-S2,,1024,,,,,
dataflow,ESTAT:EARN_MW_CUR(1.0),Monthly minimum wages - bi-annual data,S,"Half-yearly, semesterly",EUR,Euro,US,United States,2011-S1,,940,,,,,
dataflow,ESTAT:EARN_MW_CUR(1.0),Monthly minimum wages - bi-annual data,S,"Half-yearly, semesterly",EUR,Euro,US,United States,2011-S2,,869,,,,,
dataflow,ESTAT:EARN_MW_CUR(1.0),Monthly minimum wages - bi-annual data,S,"Half-yearly, semesterly",EUR,Euro,US,United States,2012-S1,,971,,,,,
dataflow,ESTAT:EARN_MW_CUR(1.0),Monthly minimum wages - bi-annual data,S,"Half-yearly, semesterly",EUR,Euro,US,United States,2012-S2,,998,,,,,
dataflow,ESTAT:EARN_MW_CUR(1.0),Monthly minimum wages - bi-annual data,S,"Half-yearly, semesterly",EUR,Euro,US,United States,2013-S1,,952,,,,,
dataflow,ESTAT:EARN_MW_CUR(1.0),Monthly minimum wages - bi-annual data,S,"Half-yearly, semesterly",EUR,Euro,US,United States,2013-S2,,961,,,,,
dataflow,ESTAT:EARN_MW_CUR(1.0),Monthly minimum wages - bi-annual data,S,"Half-yearly, semesterly",EUR,Euro,US,United States,2014-S1,,911,,,,,
dataflow,ESTAT:EARN_MW_CUR(1.0),Monthly minimum wages - bi-annual data,S,"Half-yearly, semesterly",EUR,Euro,US,United States,2014-S2,,920,,,,,
dataflow,ESTAT:EARN_MW_CUR(1.0),Monthly minimum wages - bi-annual data,S,"Half-yearly, semesterly",EUR,Euro,US,United States,2015-S1,,1035,,,,,
dataflow,ESTAT:EARN_MW_CUR(1.0),Monthly minimum wages - bi-annual data,S,"Half-yearly, semesterly",EUR,Euro,US,United States,2015-S2,,1123,,,,,
dataflow,ESTAT:EARN_MW_CUR(1.0),Monthly minimum wages - bi-annual data,S,"Half-yearly, semesterly",EUR,Euro,US,United States,2016-S1,,1154,,,,,
dataflow,ESTAT:EARN_MW_CUR(1.0),Monthly minimum wages - bi-annual data,S,"Half-yearly, semesterly",EUR,Euro,US,United States,2016-S2,,1132,,,,,
dataflow,ESTAT:EARN_MW_CUR(1.0),Monthly minimum wages - bi-annual data,S,"Half-yearly, semesterly",EUR,Euro,US,United States,2017-S1,,1192,,,,,
dataflow,ESTAT:EARN_MW_CUR(1.0),Monthly minimum wages - bi-annual data,S,"Half-yearly, semesterly",EUR,Euro,US,United States,2017-S2,,1101,,,,,
dataflow,ESTAT:EARN_MW_CUR(1.0),Monthly minimum wages - bi-annual data,S,"Half-yearly, semesterly",EUR,Euro,US,United States,2018-S1,,1048,,,,,
dataflow,ESTAT:EARN_MW_CUR(1.0),Monthly minimum wages - bi-annual data,S,"Half-yearly, semesterly",EUR,Euro,US,United States,2018-S2,,1078,,,,,
dataflow,ESTAT:EARN_MW_CUR(1.0),Monthly minimum wages - bi-annual data,S,"Half-yearly, semesterly",EUR,Euro,US,United States,2019-S1,,1098,,,,,
dataflow,ESTAT:EARN_MW_CUR(1.0),Monthly minimum wages - bi-annual data,S,"Half-yearly, semesterly",EUR,Euro,US,United States,2019-S2,,1104,,,,,
dataflow,ESTAT:EARN_MW_CUR(1.0),Monthly minimum wages - bi-annual data,S,"Half-yearly, semesterly",EUR,Euro,US,United States,2020-S1,,1119,,,,,
dataflow,ESTAT:EARN_MW_CUR(1.0),Monthly minimum wages - bi-annual data,S,"Half-yearly, semesterly",EUR,Euro,US,United States,2020-S2,,1122,,,,,
dataflow,ESTAT:EARN_MW_CUR(1.0),Monthly minimum wages - bi-annual data,S,"Half-yearly, semesterly",EUR,Euro,US,United States,2021-S1,,1024,,,,,
dataflow,ESTAT:EARN_MW_CUR(1.0),Monthly minimum wages - bi-annual data,S,"Half-yearly, semesterly",EUR,Euro,US,United States,2021-S2,,1057,,,,,
dataflow,ESTAT:EARN_MW_CUR(1.0),Monthly minimum wages - bi-annual data,S,"Half-yearly, semesterly",EUR,Euro,US,United States,2022-S1,,1110,,,,,
dataflow,ESTAT:EARN_MW_CUR(1.0),Monthly minimum wages - bi-annual data,S,"Half-yearly, semesterly",EUR,Euro,US,United States,2022-S2,,1210,,,,,
dataflow,ESTAT:EARN_MW_CUR(1.0),Monthly minimum wages - bi-annual data,S,"Half-yearly, semesterly",EUR,Euro,US,United States,2023-S1,,1178,,,,,
dataflow,ESTAT:EARN_MW_CUR(1.0),Monthly minimum wages - bi-annual data,S,"Half-yearly, semesterly",EUR,Euro,US,United States,2023-S2,,1157,,,,,
dataflow,ESTAT:EARN_MW_CUR(1.0),Monthly minimum wages - bi-annual data,S,"Half-yearly, semesterly",EUR,Euro,US,United States,2024-S1,,1137,,,,,
dataflow,ESTAT:EARN_MW_CUR(1.0),Monthly minimum wages - bi-annual data,S,"Half-yearly, semesterly",EUR,Euro,US,United States,2024-S2,,1174,,,,,
dataflow,ESTAT:EARN_MW_CUR(1.0),Monthly minimum wages - bi-annual data,S,"Half-yearly, semesterly",EUR,Euro,US,United States,2025-S1,,1210,,,,,
dataflow,ESTAT:EARN_MW_CUR(1.0),Monthly minimum wages - bi-annual data,S,"Half-yearly, semesterly",EUR,Euro,US,United States,2025-S2,,1072,,,,,
